0#1#2#1#us-east-1#python3.7#128#coldstart59859188#a886888d-b8fb-4bc7-8843-aa00f77fa92e#a886888d-b8fb-4bc7-8843-aa00f77fa92e#sandbox-root-n8jHol#sandbox-service-1d44eb#169.254.23.149#b'3.236.225.63'#169.254.76.1#674.24,1345.47#2,Intel(R) ;Xeon(R) ;Processor ;@ ;2.50GHz#1594459844570.2002#1594459867267.6467#22697.446533203125#1594459862357.377#1594460010254.044#147896.6669921875
0#1#2#0#us-east-1#python3.7#128#coldstart59856223#2d08dfda-d697-48f3-9999-f51596505002#2d08dfda-d697-48f3-9999-f51596505002#sandbox-root-yBLkaK#sandbox-service-5214e4#169.254.172.141#b'3.87.15.122'#169.254.76.1#2118.98,4234.40#2,Intel(R); Xeon(R); Processor; @; 2.50GHz#1594459843792.5374#1594459867358.4607#23565.92333984375#1594459862365.269#1594460010386.188#148020.9189453125
0#2#2#1#us-east-1#python3.7#128#coldstart59859188#a886888d-b8fb-4bc7-8843-aa00f77fa92e#1cb7ca5c-0393-48a5-bd71-4636e311eac4#sandbox-root-n8jHol#sandbox-service-1d44eb#169.254.23.149#b'3.236.225.63'#169.254.76.1#822.64,1640.53#2,Intel(R) ;Xeon(R) ;Processor ;@ ;2.50GHz#1594459993496.286#1594460015642.1619#22145.8759765625#1594460011031.2742#1594460157277.0232#146245.7490234375
0#2#2#0#us-east-1#python3.7#128#coldstart59856223#97dfb3f1-b3dc-449d-a253-e5ca551420f1#4f581450-a9f5-40fc-81b5-e058299eb043#sandbox-root-ZUuQUs#sandbox-service-65fc3e#169.254.69.237#b'54.89.58.31'#169.254.76.1#1881.74,3753.75#2,Intel(R) ;Xeon(R) ;Processor ;@ ;2.50GHz#1594459992590.1501#1594460015925.9946#23335.844482421875#1594460011046.821#1594460157498.8599#146452.03881835938
0#1#2#0#us-east-1#python3.7#3008#coldstart60159115#9b409895-5c37-4f93-85cb-045426a79d83#9b409895-5c37-4f93-85cb-045426a79d83#sandbox-root-KHuB3J#sandbox-service-be884e#169.254.15.237#b'54.196.167.141'#169.254.76.1#1122.64,2221.69#2,Intel;(R) Xeon;(R) Proces;so;r @ 2.50GHz#1594460147563.6475#1594460170059.348#22495.700439453125#1594460165108.133#1594460311681.2551#146573.1220703125
0#1#2#1#us-east-1#python3.7#3008#coldstart60161909#d1dcb2b1-edb4-45ee-af4a-b7fc64d4aa8a#d1dcb2b1-edb4-45ee-af4a-b7fc64d4aa8a#sandbox-root-bgFX2g#sandbox-service-55ca8c#169.254.12.149#b'54.163.138.203'#169.254.76.1#872.23,1719.39#2,Intel(;R) Xeon(;R) Process;or; @ 2.50GHz#1594460146532.4478#1594460170207.7708#23675.322998046875#1594460165060.303#1594460311723.291#146662.98803710938
0#2#2#1#us-east-1#python3.7#3008#coldstart60161909#7c580440-b568-409a-bd06-4432455518d5#468f62dd-b5ef-4cd3-a4d9-204126465e6d#sandbox-root-H8CIDX#sandbox-service-daca31#169.254.201.141#b'3.235.174.83'#169.254.76.1#5263.40,10354.66#2,Intel;(R) Xeon;(R) Proces;so;r @ 2.50GHz#1594460292617.1316#1594460316977.5508#24360.419189453125#1594460312135.945#1594460458416.887#146280.94189453125
0#2#2#0#us-east-1#python3.7#3008#coldstart60159115#7907493d-c64a-4633-8d4b-f15bbe330665#756f67e7-f8f1-470c-b8c4-b86cf3a88a8b#sandbox-root-TbnbTn#sandbox-service-9ea983#169.254.124.21#b'3.80.157.231'#169.254.76.1#5338.15,10505.61#2,Intel(;R) Xeon(;R) Process;or; @ 2.50GHz#1594460293978.2778#1594460316960.472#22982.194091796875#1594460312143.093#1594460458418.277#146275.18408203125
1#1#2#0#us-east-1#python3.7#128#coldstart60459992#a4927be5-b013-4aa9-b290-83f3e37efa03#a4927be5-b013-4aa9-b290-83f3e37efa03#sandbox-root-6XELYu#sandbox-service-22b82b#169.254.115.197#b'3.237.14.246'#169.254.76.1#2272.32,4541.36#2,Intel(R;) Xeon(R;) Processo;r ;@ 2.50GHz#1594460447935.8218#1594460471543.0427#23607.220947265625#1594460466699.6812#1594460614572.864#147873.18286132812
1#1#2#1#us-east-1#python3.7#128#coldstart60463126#2ec06afc-52fa-4c22-985d-c05794d4d415#2ec06afc-52fa-4c22-985d-c05794d4d415#sandbox-root-azxnqs#sandbox-service-0183a2#169.254.98.149#b'34.200.227.9'#169.254.76.1#1427.36,2851.10#2,Intel(R); Xeon(R); Processor; @; 2.50GHz#1594460448519.537#1594460471665.6062#23146.069091796875#1594460466705.945#1594460614651.195#147945.25
1#2#2#0#us-east-1#python3.7#128#coldstart60459992#a4927be5-b013-4aa9-b290-83f3e37efa03#3a7c98f7-c52d-4e11-ae58-23fa3b74491d#sandbox-root-6XELYu#sandbox-service-22b82b#169.254.115.197#b'3.237.14.246'#169.254.76.1#2420.80,4836.22#2,Intel(R;) Xeon(R;) Processo;r ;@ 2.50GHz#1594460595646.9946#1594460619999.6606#24352.666015625#1594460615079.743#1594460761523.754#146444.01098632812
1#2#2#1#us-east-1#python3.7#128#coldstart60463126#890214fd-7220-4e94-8fb8-040849286668#74c154dd-75e4-4be5-b32a-3dc7d8eb8893#sandbox-root-VNTcno#sandbox-service-dc3c89#169.254.113.77#b'3.237.23.178'#169.254.76.1#2285.00,4554.62#2,Intel(R); Xeon(R); Processor; @; 2.50GHz#1594460597599.0916#1594460619994.7317#22395.64013671875#1594460615126.104#1594460761556.736#146430.63208007812
1#1#2#0#us-east-1#python3.7#3008#coldstart60763290#6e6fa692-a23f-4fda-b39e-722d662152c4#6e6fa692-a23f-4fda-b39e-722d662152c4#sandbox-root-ugGdNE#sandbox-service-fd7395#169.254.100.173#b'3.237.29.64'#169.254.76.1#3757.97,7492.10#2,Intel(R;) Xeon(R;) Processo;r ;@ 2.50GHz#1594460752637.9558#1594460774216.481#21578.525146484375#1594460769463.397#1594460915723.696#146260.29907226562
1#1#2#1#us-east-1#python3.7#3008#coldstart60766118#6945a237-cd53-48f3-9ea1-e1c72e6f56bc#6945a237-cd53-48f3-9ea1-e1c72e6f56bc#sandbox-root-qnJ99A#sandbox-service-5050fb#169.254.194.181#b'34.239.150.103'#169.254.76.1#4736.04,9447.24#2,Inte;l(R) Xeo;n(R) Proce;ss;or @ 2.50GHz#1594460751724.4302#1594460774212.4546#22488.0244140625#1594460769452.7358#1594460915726.014#146273.27807617188
1#2#2#0#us-east-1#python3.7#3008#coldstart60763290#6e6fa692-a23f-4fda-b39e-722d662152c4#80a3b693-d22b-4144-b5de-7b0d6f331e50#sandbox-root-ugGdNE#sandbox-service-fd7395#169.254.100.173#b'3.237.29.64'#169.254.76.1#3904.71,7763.13#2,Intel(R;) Xeon(R;) Processo;r ;@ 2.50GHz#1594460898341.5881#1594460920936.4817#22594.8935546875#1594460916151.905#1594461062267.313#146115.40795898438
1#2#2#1#us-east-1#python3.7#3008#coldstart60766118#66effcc1-629c-43f4-8b4a-196af60a5229#3a25d24c-fe07-44d6-b1c3-7019993e4981#sandbox-root-Uz1xqv#sandbox-service-f2b9c1#169.254.53.5#b'34.239.180.46'#169.254.76.1#6340.98,12510.19#2,Intel(R;) Xeon(R;) Processo;r ;@ 2.50GHz#1594460897823.1458#1594460921073.6975#23250.5517578125#1594460916145.5369#1594461062400.7822#146255.24536132812