0#1#1#0#us-east-1#python3.7#128#scale61256364#783ec6e9-3df2-4383-bb19-24256e773c0d#783ec6e9-3df2-4383-bb19-24256e773c0d#sandbox-root-AvJlFf#sandbox-service-9c614a#169.254.69.165#b'34.204.175.147'#169.254.76.1#2516.04,5027.50#2,Intel(R); Xeon(R); Processor; @; 2.50GHz#1594461241695.981#1594461269833.9155#28137.9345703125#1594461259748.535#1594461412873.382#153124.84716796875;
0#2#1#0#us-east-1#python3.7#128#scale61413800#f61ea3e2-e505-4981-bac7-4f3bf0a4c5d4#f61ea3e2-e505-4981-bac7-4f3bf0a4c5d4#sandbox-root-o6qu7F#sandbox-service-ec8e3c#169.254.62.109#b'3.236.153.225'#169.254.76.1#3378.62,6753.32#2,Intel(R) ;Xeon(R) ;Processor ;@ ;2.50GHz#1594461398975.8591#1594461426966.828#27990.96875#1594461416903.0918#1594461569942.907#153039.81518554688;
0#3#2#0#us-east-1#python3.7#128#scale61570785#c3c76833-32ac-46d1-8c60-f0268d0c70a7#c3c76833-32ac-46d1-8c60-f0268d0c70a7#sandbox-root-EAVNOe#sandbox-service-8a0f4e#169.254.219.93#b'3.93.52.231'#169.254.76.1#2096.80,4189.52#2,Intel(R) Xe;on(R) Pr;ocessor @ ;2.;50GHz#1594461559209.531#1594461586686.7747#27477.24365234375#1594461576635.883#1594461729571.3142#152935.43115234375;
0#3#2#1#us-east-1#python3.7#128#scale61573429#f3650978-0f6e-4569-9ce2-be20868106ba#f3650978-0f6e-4569-9ce2-be20868106ba#sandbox-root-R2GRun#sandbox-service-9d59f1#169.254.241.213#b'34.232.44.181'#169.254.76.1#2384.70,4765.27#2,Intel(R); Xeon(R); Processor; @; 2.50GHz#1594461557502.5583#1594461586814.6619#29312.103515625#1594461576540.336#1594461729645.645#153105.30908203125;
0#4#3#2#us-east-1#python3.7#128#scale61737052#cc90e57e-efd6-4c89-a4b2-ef5e6d8cd898#cc90e57e-efd6-4c89-a4b2-ef5e6d8cd898#sandbox-root-0hMPhd#sandbox-service-5fcaa3#169.254.27.237#b'18.214.98.141'#169.254.76.1#1355.60,2707.63#2,Intel(R) ;Xeon(R) ;Processor ;@ ;2.50GHz#1594461723665.2988#1594461750348.6565#26683.357666015625#1594461740585.594#1594461893407.793#152822.19897460938;
0#4#3#1#us-east-1#python3.7#128#scale61734077#afdaa525-c3ce-4e98-b7d3-2435d3d3d3ad#afdaa525-c3ce-4e98-b7d3-2435d3d3d3ad#sandbox-root-uBJ7Gc#sandbox-service-01a9d1#169.254.64.45#b'3.236.51.253'#169.254.76.1#2610.58,5217.32#2,Intel(R) Xe;on(R) Pr;ocessor @ ;2.;50GHz#1594461722777.133#1594461750535.7803#27758.647216796875#1594461740700.612#1594461893423.357#152722.74487304688;
0#4#3#0#us-east-1#python3.7#128#scale61731191#574b47d1-f79e-4ae0-af8a-f1578aedc718#574b47d1-f79e-4ae0-af8a-f1578aedc718#sandbox-root-cTdND0#sandbox-service-b0b0b7#169.254.28.61#b'3.231.26.253'#169.254.76.1#320.70,638.03#2,Intel(R) Xeon;(R) Proc;essor @ 2.;50;GHz#1594461722303.6172#1594461750557.402#28253.784912109375#1594461740690.578#1594461893476.841#152786.26318359375;
0#5#4#2#us-east-1#python3.7#128#scale61901395#aaaa1955-38e0-4451-bcaf-f66d8d12ed48#aaaa1955-38e0-4451-bcaf-f66d8d12ed48#sandbox-root-RVrr18#sandbox-service-f77e63#169.254.200.133#b'3.84.111.252'#169.254.76.1#1379.76,2755.75#2,Intel(R) ;Xeon(R) ;Processor ;@ ;2.50GHz#1594461890459.5786#1594461917410.3794#26950.80078125#1594461907991.666#1594462060417.271#152425.60498046875;
0#5#4#0#us-east-1#python3.7#128#scale61895799#17ad41c7-3e1e-459d-a43e-4bee55282e6e#17ad41c7-3e1e-459d-a43e-4bee55282e6e#sandbox-root-BIe6Ja#sandbox-service-d8382c#169.254.37.165#b'18.209.24.184'#169.254.76.1#2301.66,4599.18#2,Intel(R) ;Xeon(R) ;Processor ;@ ;2.50GHz#1594461891153.733#1594461917487.9739#26334.240966796875#1594461907905.0469#1594462060420.5781#152515.53125;
0#5#4#3#us-east-1#python3.7#128#scale61904260#192eff45-38e2-44fa-8faa-cf3d3dd9790b#192eff45-38e2-44fa-8faa-cf3d3dd9790b#sandbox-root-Cqy3rv#sandbox-service-a9c7ce#169.254.106.53#b'54.162.156.88'#169.254.76.1#1844.28,3684.75#2,Intel(R) ;Xeon(R) ;Processor ;@ ;2.50GHz#1594461890449.1655#1594461917501.0981#27051.9326171875#1594461907952.158#1594462060449.5151#152497.35717773438;
0#5#4#1#us-east-1#python3.7#128#scale61898614#abff3e99-a5c6-47c0-8d1d-20452faa5610#abff3e99-a5c6-47c0-8d1d-20452faa5610#sandbox-root-JxB9xa#sandbox-service-0acaa9#169.254.145.149#b'3.88.110.245'#169.254.76.1#1810.74,3617.88#2,Intel(R) ;Xeon(R) ;Processor ;@ ;2.50GHz#1594461889833.7876#1594461917445.7595#27611.971923828125#1594461907895.159#1594462060613.2969#152718.13793945312;
0#6#5#4#us-east-1#python3.7#128#scale62074790#9548fd2c-39f9-43d8-b87f-b7f1c781fad8#9548fd2c-39f9-43d8-b87f-b7f1c781fad8#sandbox-root-D3fLMI#sandbox-service-320de2#169.254.72.173#b'52.2.202.247'#169.254.76.1#908.22,1812.36#2,Intel(R) Xe;on(R) Pr;ocessor @ ;2.;50GHz#1594462062159.256#1594462088621.438#26462.181884765625#1594462079310.488#1594462231546.978#152236.48999023438;
0#6#5#0#us-east-1#python3.7#128#scale62063547#a0e006e3-1bd4-4ff7-901f-e9f4fae39da5#a0e006e3-1bd4-4ff7-901f-e9f4fae39da5#sandbox-root-hgOfFO#sandbox-service-77f7dd#169.254.244.157#b'54.209.230.178'#169.254.76.1#1177.10,2350.26#2,Intel(R;) Xeon(R;) Processo;r ;@ 2.50GHz#1594462062164.2825#1594462088698.6685#26534.385986328125#1594462079282.5771#1594462231543.8198#152261.24267578125;
0#6#5#2#us-east-1#python3.7#128#scale62068915#856d7a19-dcb5-48cb-bd31-f8ee28f3ae42#856d7a19-dcb5-48cb-bd31-f8ee28f3ae42#sandbox-root-gJSFzT#sandbox-service-234ce8#169.254.166.85#b'3.236.207.226'#169.254.76.1#1072.14,2140.77#2,Intel(R) ;Xeon(R) ;Processor ;@ ;2.50GHz#1594462061733.876#1594462088566.724#26832.84814453125#1594462079301.392#1594462231550.2788#152248.88671875;
0#6#5#3#us-east-1#python3.7#128#scale62071990#46056f6f-f6ed-42cd-b915-a3d029e15d96#46056f6f-f6ed-42cd-b915-a3d029e15d96#sandbox-root-pnU4eV#sandbox-service-33e121#169.254.155.69#b'54.159.108.53'#169.254.76.1#1493.06,2982.32#2,Intel(R) ;Xeon(R) ;Processor ;@ ;2.50GHz#1594462061659.0596#1594462088759.214#27100.154541015625#1594462079146.889#1594462231680.805#152533.916015625;
0#6#5#1#us-east-1#python3.7#128#scale62066151#858d43a6-c1a7-4503-b5c5-cb7c6a058a09#858d43a6-c1a7-4503-b5c5-cb7c6a058a09#sandbox-root-AJpa7G#sandbox-service-3ea851#169.254.87.37#b'3.230.173.210'#169.254.76.1#1516.24,3028.77#2,Intel(R) X;eon(R) P;rocessor @;2;.50GHz#1594462060622.0771#1594462088636.142#28014.06494140625#1594462079207.468#1594462231731.508#152524.0400390625;
0#7#6#2#us-east-1#python3.7#128#scale62241557#eb7a428e-4e6f-4095-b12e-520b3d2b1de6#eb7a428e-4e6f-4095-b12e-520b3d2b1de6#sandbox-root-0VrEvN#sandbox-service-0792e9#169.254.200.245#b'3.236.241.167'#169.254.76.1#848.62,1693.92#2,Intel(R) ;Xeon(R) ;Processor ;@ ;2.50GHz#1594462237339.3286#1594462265050.163#27710.83447265625#1594462255934.043#1594462407903.978#151969.93505859375;
0#7#6#0#us-east-1#python3.7#128#scale62235517#b4f5ea91-4813-44ef-8b96-0bb9e8d59af1#b4f5ea91-4813-44ef-8b96-0bb9e8d59af1#sandbox-root-FDX91r#sandbox-service-4684bd#169.254.186.93#b'18.206.149.253'#169.254.76.1#2625.08,5245.52#2,Intel(R); Xeon(R); Processor; @; 2.50GHz#1594462237465.3994#1594462265094.8354#27629.43603515625#1594462255770.2688#1594462407994.397#152224.12817382812;
0#7#6#3#us-east-1#python3.7#128#scale62245392#b93ce634-3b85-41f2-ade9-a054d9bbfda6#b93ce634-3b85-41f2-ade9-a054d9bbfda6#sandbox-root-ol4Sbw#sandbox-service-2d67d4#169.254.162.125#b'54.242.135.95'#169.254.76.1#1980.14,3956.47#2,Intel(R); Xeon(R); Processor; @; 2.50GHz#1594462238259.9895#1594462265156.423#26896.43359375#1594462255794.985#1594462408079.2861#152284.30102539062;
0#7#6#1#us-east-1#python3.7#128#scale62238373#e46af227-fdf6-4eaa-8613-a472782f2daf#e46af227-fdf6-4eaa-8613-a472782f2daf#sandbox-root-OIAPXt#sandbox-service-42c1a5#169.254.244.13#b'54.234.159.157'#169.254.76.1#1649.96,3296.55#2,Intel(R); Xeon(R); Processor; @; 2.50GHz#1594462238773.166#1594462265177.1348#26403.96875#1594462255926.328#1594462408091.001#152164.67309570312;
0#7#6#4#us-east-1#python3.7#128#scale62249442#c2842b19-def1-4a16-af74-6ef0308ab47e#c2842b19-def1-4a16-af74-6ef0308ab47e#sandbox-root-3e06zE#sandbox-service-6f2214#169.254.178.213#b'3.236.226.148'#169.254.76.1#1514.86,3025.95#2,Intel(R); Xeon(R); Processor; @; 2.50GHz#1594462238230.5671#1594462265165.9556#26935.388427734375#1594462255939.5608#1594462408088.014#152148.453125;
0#7#6#5#us-east-1#python3.7#128#scale62252104#a3bddd8d-c6da-412f-a0f5-fd65d562137e#a3bddd8d-c6da-412f-a0f5-fd65d562137e#sandbox-root-5pkOpt#sandbox-service-b13b93#169.254.179.141#b'3.236.239.208'#169.254.76.1#989.16,1974.30#2,Intel(R) ;Xeon(R) ;Processor ;@ ;2.50GHz#1594462236682.063#1594462265190.476#28508.4130859375#1594462255609.8171#1594462408121.043#152511.22583007812;
0#8#7#0#us-east-1#python3.7#128#scale62413193#b3e2f7f2-935a-4787-8afa-5d0994f7abb6#b3e2f7f2-935a-4787-8afa-5d0994f7abb6#sandbox-root-r1NXU0#sandbox-service-9ac4ae#169.254.205.149#b'107.23.176.227'#169.254.76.1#1270.12,2536.50#2,Intel(R;) Xeon(R;) Processo;r ;@ 2.50GHz#1594462417518.4746#1594462443725.6758#26207.201171875#1594462435823.569#1594462586533.25#150709.68090820312;
0#8#7#3#us-east-1#python3.7#128#scale62421553#915fc48d-f9fb-410a-8b64-887091836907#915fc48d-f9fb-410a-8b64-887091836907#sandbox-root-HgNgZk#sandbox-service-dc500c#169.254.115.117#b'3.236.114.146'#169.254.76.1#902.94,1801.99#2,Intel(R) ;Xeon(R) ;Processor ;@ ;2.50GHz#1594462417487.3787#1594462443800.2476#26312.868896484375#1594462435872.6511#1594462586538.2358#150665.58471679688;
0#8#7#2#us-east-1#python3.7#128#scale62418871#2c60eef0-fb3f-4dcd-9447-e61b4fa0c82b#2c60eef0-fb3f-4dcd-9447-e61b4fa0c82b#sandbox-root-sQggVi#sandbox-service-0254e2#169.254.149.133#b'3.80.144.176'#169.254.76.1#1777.90,3552.53#2,Intel(R) ;Xeon(R) ;Processor ;@ ;2.50GHz#1594462417133.2488#1594462443931.137#26797.88818359375#1594462435949.2222#1594462586791.055#150841.83276367188;
0#8#7#1#us-east-1#python3.7#128#scale62416173#6af81d6b-2371-43f1-9dc6-4d724c889a2e#6af81d6b-2371-43f1-9dc6-4d724c889a2e#sandbox-root-VaZffO#sandbox-service-7e8c57#169.254.202.157#b'3.86.178.191'#169.254.76.1#1716.34,3428.70#2,Intel(R) ;Xeon(R) ;Processor ;@ ;2.50GHz#1594462418628.3567#1594462443987.1611#25358.804443359375#1594462435783.117#1594462586794.6082#151011.4912109375;
0#8#7#5#us-east-1#python3.7#128#scale62427609#af9e199f-511f-4de9-980c-b4975e307593#af9e199f-511f-4de9-980c-b4975e307593#sandbox-root-DOUZQ8#sandbox-service-c7333b#169.254.70.141#b'3.234.245.48'#169.254.76.1#1027.08,2050.91#2,Intel(R) X;eon(R) P;rocessor @;2;.50GHz#1594462417982.8552#1594462443837.4668#25854.611572265625#1594462435649.356#1594462586801.875#151152.51904296875;
0#8#7#4#us-east-1#python3.7#128#scale62424527#f8614d7e-7321-40d2-a647-cadde265c2b0#f8614d7e-7321-40d2-a647-cadde265c2b0#sandbox-root-imlafR#sandbox-service-c4f22a#169.254.4.193#b'54.196.134.122'#169.254.76.1#1239.34,2475.03#2,Intel(R) ;Xeon(R) ;Processor ;@ ;2.50GHz#1594462418650.605#1594462443902.188#25251.5830078125#1594462435720.312#1594462586817.273#151096.9609375;
0#8#7#6#us-east-1#python3.7#128#scale62430509#e56cfa25-324d-4a2b-8865-e98818226389#e56cfa25-324d-4a2b-8865-e98818226389#sandbox-root-ReKcjB#sandbox-service-cbd0fc#169.254.242.197#b'54.210.62.68'#169.254.76.1#2062.58,4121.30#2,Intel(R) ;Xeon(R) ;Processor ;@ ;2.50GHz#1594462417778.027#1594462443978.7017#26200.674560546875#1594462435476.0798#1594462586846.672#151370.59228515625;
0#9#8#6#us-east-1#python3.7#128#scale62611107#86ec7fff-0ee6-409f-9651-d4eadeb0b262#86ec7fff-0ee6-409f-9651-d4eadeb0b262#sandbox-root-Q5lbse#sandbox-service-d9b12f#169.254.214.181#b'3.237.29.137'#169.254.76.1#1429.66,2856.16#2,Intel(R) ;Xeon(R) ;Processor ;@ ;2.50GHz#1594462600887.7097#1594462627384.0447#26496.3349609375#1594462619130.559#1594462770237.0378#151106.47875976562;
0#9#8#3#us-east-1#python3.7#128#scale62602096#9be72fb5-b442-4d76-9d9c-80ccab6fe060#9be72fb5-b442-4d76-9d9c-80ccab6fe060#sandbox-root-nGtmH3#sandbox-service-954c9e#169.254.59.205#b'3.236.129.101'#169.254.76.1#2725.66,5447.52#2,Intel(R) ;Xeon(R) ;Processor ;@ ;2.50GHz#1594462601424.2715#1594462627479.574#26055.302490234375#1594462619146.096#1594462770242.708#151096.61206054688;
0#9#8#2#us-east-1#python3.7#128#scale62599065#9ba28301-757f-4a2b-8cfa-d7000269d783#9ba28301-757f-4a2b-8cfa-d7000269d783#sandbox-root-vSOYgi#sandbox-service-ab0b13#169.254.33.13#b'3.236.65.194'#169.254.76.1#704.52,1405.30#2,Intel(R) Xeo;n(R) Pro;cessor @ 2;.5;0GHz#1594462600815.5535#1594462627459.048#26643.49462890625#1594462618659.136#1594462770248.7532#151589.6171875;
0#9#8#7#us-east-1#python3.7#128#scale62614182#7dffdc71-2870-486d-8df5-0d3e2dfbb307#7dffdc71-2870-486d-8df5-0d3e2dfbb307#sandbox-root-qbfiJk#sandbox-service-f1e69e#169.254.222.213#b'184.72.203.191'#169.254.76.1#2088.54,4172.97#2,Intel(R;) Xeon(R;) Processo;r ;@ 2.50GHz#1594462601165.121#1594462627468.1948#26303.07373046875#1594462618667.978#1594462770320.2158#151652.23779296875;
0#9#8#0#us-east-1#python3.7#128#scale62592580#db4fb049-46ff-441a-8ab6-208d7b776dae#db4fb049-46ff-441a-8ab6-208d7b776dae#sandbox-root-5nfdIU#sandbox-service-c69ceb#169.254.30.37#b'18.232.105.34'#169.254.76.1#1321.94,2640.24#2,Intel(R) X;eon(R) P;rocessor @;2;.50GHz#1594462601040.462#1594462627395.4106#26354.94873046875#1594462618801.106#1594462770333.3708#151532.26489257812;
0#9#8#4#us-east-1#python3.7#128#scale62605272#0f7c342b-2a39-4159-bf78-816255d005dd#0f7c342b-2a39-4159-bf78-816255d005dd#sandbox-root-a2Cxk9#sandbox-service-e9d170#169.254.50.101#b'3.237.16.177'#169.254.76.1#978.66,1953.77#2,Intel(R) Xe;on(R) Pr;ocessor @ ;2.;50GHz#1594462600933.5115#1594462627344.8496#26411.338134765625#1594462618921.199#1594462770345.386#151424.18701171875;
0#9#8#1#us-east-1#python3.7#128#scale62595788#afdd6126-bd04-4b8d-aad0-44df11c54170#afdd6126-bd04-4b8d-aad0-44df11c54170#sandbox-root-x106zt#sandbox-service-8754b6#169.254.1.117#b'52.73.202.8'#169.254.76.1#1690.24,3376.58#2,Intel(R) Xeo;n(R) Pro;cessor @ 2;.5;0GHz#1594462602060.868#1594462627408.6108#25347.742919921875#1594462619155.2961#1594462770367.99#151212.69384765625;
0#9#8#5#us-east-1#python3.7#128#scale62608154#3e34a398-b04d-48c7-aa01-6fb30329a45c#3e34a398-b04d-48c7-aa01-6fb30329a45c#sandbox-root-gardyg#sandbox-service-df8769#169.254.181.53#b'54.82.196.132'#169.254.76.1#1670.54,3337.18#2,Intel(R) ;Xeon(R) ;Processor ;@ ;2.50GHz#1594462601023.1672#1594462627457.16#26433.99267578125#1594462618897.6382#1594462770846.883#151949.24487304688;
0#10#9#3#us-east-1#python3.7#128#scale62786801#c9da27b9-ab02-45b6-adb4-b41cca5a3537#c9da27b9-ab02-45b6-adb4-b41cca5a3537#sandbox-root-B6rLmE#sandbox-service-5ab8f1#169.254.253.237#b'54.152.234.2'#169.254.76.1#1412.72,2821.93#2,Intel(R); Xeon(R); Processor; @; 2.50GHz#1594462789229.0881#1594462815145.9177#25916.82958984375#1594462806595.857#1594462958032.762#151436.90502929688;
0#10#9#7#us-east-1#python3.7#128#scale62798804#65c628c1-c215-4ada-b4b3-1db69858ddad#65c628c1-c215-4ada-b4b3-1db69858ddad#sandbox-root-SIty9U#sandbox-service-8a87b4#169.254.160.117#b'34.201.56.36'#169.254.76.1#1844.52,3685.13#2,Intel(R); Xeon(R); Processor; @; 2.50GHz#1594462788977.6814#1594462815060.4229#26082.741455078125#1594462806317.962#1594462958028.2031#151710.2412109375;
0#10#9#0#us-east-1#python3.7#128#scale62777864#e890ad1e-eb0f-4fa4-90c5-04ea95831cbe#e890ad1e-eb0f-4fa4-90c5-04ea95831cbe#sandbox-root-46BW7O#sandbox-service-6f8c96#169.254.109.197#b'3.231.210.136'#169.254.76.1#1777.72,3552.09#2,Intel(R;) Xeon(R;) Processo;r ;@ 2.50GHz#1594462788627.393#1594462815039.5837#26412.190673828125#1594462806608.399#1594462958037.625#151429.22607421875;
0#10#9#2#us-east-1#python3.7#128#scale62783850#bacc6749-a9d9-4dc2-9d06-b25905f0ac6b#bacc6749-a9d9-4dc2-9d06-b25905f0ac6b#sandbox-root-ghYWG1#sandbox-service-591c5d#169.254.74.37#b'3.228.9.177'#169.254.76.1#1164.60,2325.12#2,Intel(R) Xe;on(R) Pr;ocessor @ ;2.;50GHz#1594462788716.144#1594462815173.4182#26457.274169921875#1594462806526.699#1594462958079.9739#151553.27490234375;
0#10#9#6#us-east-1#python3.7#128#scale62796041#774015a5-abfa-4ca5-bfa2-b6daee75a8aa#774015a5-abfa-4ca5-bfa2-b6daee75a8aa#sandbox-root-zj6vBI#sandbox-service-520080#169.254.107.21#b'54.89.182.131'#169.254.76.1#1187.90,2372.08#2,Intel(R); Xeon(R); Processor; @; 2.50GHz#1594462788209.024#1594462815184.226#26975.2021484375#1594462806521.7942#1594462958124.564#151602.76977539062;
0#10#9#4#us-east-1#python3.7#128#scale62789995#40ffc589-aa1e-4766-9b2c-ce69a0c4faf1#40ffc589-aa1e-4766-9b2c-ce69a0c4faf1#sandbox-root-J242Yr#sandbox-service-8e436e#169.254.57.5#b'54.158.204.154'#169.254.76.1#1314.92,2626.54#2,Intel(R) ;Xeon(R) ;Processor ;@ ;2.50GHz#1594462789372.039#1594462815258.4666#25886.427490234375#1594462806586.005#1594462958137.1401#151551.13525390625;
0#10#9#1#us-east-1#python3.7#128#scale62781087#285e5261-d10b-4acb-86a8-724e8b1ba99a#285e5261-d10b-4acb-86a8-724e8b1ba99a#sandbox-root-h8lFF3#sandbox-service-db5ca9#169.254.155.173#b'3.84.28.97'#169.254.76.1#1335.46,2667.57#2,Intel(R) X;eon(R) P;rocessor @;2;.50GHz#1594462787545.2869#1594462815363.122#27817.835205078125#1594462806328.992#1594462958156.549#151827.55712890625;
0#10#9#8#us-east-1#python3.7#128#scale62801668#e4752b79-bc0f-4007-9e5d-d6921935a990#e4752b79-bc0f-4007-9e5d-d6921935a990#sandbox-root-oQqmot#sandbox-service-54629a#169.254.108.245#b'54.172.129.85'#169.254.76.1#1589.16,3174.46#2,Intel(R;) Xeon(R;) Processo;r ;@ 2.50GHz#1594462789060.1738#1594462815278.4438#26218.27001953125#1594462806867.479#1594462958192.648#151325.1689453125;
0#10#9#5#us-east-1#python3.7#128#scale62793173#fb5e42bf-7f10-4d09-aa83-4ec3808cae0e#fb5e42bf-7f10-4d09-aa83-4ec3808cae0e#sandbox-root-VWOavz#sandbox-service-17005e#169.254.200.5#b'34.204.73.131'#169.254.76.1#2231.84,4459.37#2,Intel(R) ;Xeon(R) ;Processor ;@ ;2.50GHz#1594462788614.6477#1594462815347.617#26732.96923828125#1594462806453.41#1594462958204.5889#151751.17895507812;
0#11#10#8#us-east-1#python3.7#128#scale62989463#a5fd9929-34f1-4cd5-879b-88606601b6cd#a5fd9929-34f1-4cd5-879b-88606601b6cd#sandbox-root-LNUtWj#sandbox-service-ffea23#169.254.73.29#b'3.85.27.173'#169.254.76.1#2553.62,5103.98#2,Intel(R) X;eon(R) P;rocessor @;3;.00GHz#1594462979697.7783#1594463005640.838#25943.0595703125#1594462997669.872#1594463148387.398#150717.52587890625;
0#11#10#0#us-east-1#python3.7#128#scale62966448#d9fefe66-fc11-4653-833e-08a21a2d8904#d9fefe66-fc11-4653-833e-08a21a2d8904#sandbox-root-tzv4rm#sandbox-service-d4a669#169.254.154.37#b'3.92.96.125'#169.254.76.1#824.62,1646.01#2,Intel(R) X;eon(R) P;rocessor @;2;.50GHz#1594462979992.8013#1594463005464.5542#25471.7529296875#1594462997653.3489#1594463148389.668#150736.31909179688;
0#11#10#3#us-east-1#python3.7#128#scale62974615#5cb04d24-287e-4b11-bc72-7124ba6db002#5cb04d24-287e-4b11-bc72-7124ba6db002#sandbox-root-YHRm3E#sandbox-service-ee04ad#169.254.195.205#b'3.237.27.248'#169.254.76.1#1399.32,2794.49#2,Intel(R;) Xeon(R;) Processo;r ;@ 2.50GHz#1594462980156.99#1594463005493.6028#25336.61279296875#1594462997506.854#1594463148406.2131#150899.35913085938;
0#11#10#1#us-east-1#python3.7#128#scale62969292#cbda9ecc-8464-4eed-abb3-71ab28264337#cbda9ecc-8464-4eed-abb3-71ab28264337#sandbox-root-hnYxTc#sandbox-service-05d8b7#169.254.87.77#b'3.228.9.189'#169.254.76.1#1144.82,2285.74#2,Intel(R) X;eon(R) P;rocessor @;2;.50GHz#1594462978543.1836#1594463005549.307#27006.123291015625#1594462997211.256#1594463148425.8271#151214.57104492188;
0#11#10#6#us-east-1#python3.7#128#scale62983627#cd09f865-f437-4938-bb69-2b50ba68abcb#cd09f865-f437-4938-bb69-2b50ba68abcb#sandbox-root-o1ka7i#sandbox-service-199b93#169.254.114.37#b'18.204.2.17'#169.254.76.1#1306.78,2609.59#2,Intel(R) ;Xeon(R) ;Processor ;@ ;2.50GHz#1594462979425.0432#1594463005592.9688#26167.925537109375#1594462997664.0479#1594463148452.861#150788.81323242188;
0#11#10#2#us-east-1#python3.7#128#scale62971954#72945b27-b40d-484e-8650-122bd053c8c7#72945b27-b40d-484e-8650-122bd053c8c7#sandbox-root-i32drr#sandbox-service-d09bf3#169.254.218.245#b'3.237.0.168'#169.254.76.1#1384.42,2765.04#2,Intel(R); Xeon(R); Processor; @; 2.50GHz#1594462978583.914#1594463005565.7153#26981.80126953125#1594462997230.405#1594463148470.202#151239.796875;
0#11#10#5#us-east-1#python3.7#128#scale62980657#3eca1961-c041-470e-8798-65e24b5e30aa#3eca1961-c041-470e-8798-65e24b5e30aa#sandbox-root-999FLs#sandbox-service-c9dee1#169.254.215.53#b'54.197.115.16'#169.254.76.1#2552.46,5101.51#2,Intel(R;) Xeon(R;) Processo;r ;@ 2.50GHz#1594462980155.143#1594463005606.3137#25451.170654296875#1594462997613.385#1594463148522.21#150908.82495117188;
0#11#10#4#us-east-1#python3.7#128#scale62977791#8f6f3ec6-28ca-47a7-bf0b-561bbdb10076#8f6f3ec6-28ca-47a7-bf0b-561bbdb10076#sandbox-root-Okvaon#sandbox-service-f3ce16#169.254.43.133#b'3.236.202.241'#169.254.76.1#1262.42,2521.49#2,Intel(R;) Xeon(R;) Processo;r ;@ 2.50GHz#1594462980406.0286#1594463005618.6306#25212.60205078125#1594462997644.622#1594463148536.334#150891.7119140625;
0#11#10#7#us-east-1#python3.7#128#scale62986494#997c83e0-9b67-4db9-a465-af12d9bef78f#997c83e0-9b67-4db9-a465-af12d9bef78f#sandbox-root-FAQds8#sandbox-service-f22732#169.254.87.221#b'34.239.128.78'#169.254.76.1#1190.94,2378.32#2,Intel(R;) Xeon(R;) Processo;r ;@ 2.50GHz#1594462979176.4365#1594463005780.6316#26604.195068359375#1594462997189.19#1594463148619.069#151429.87915039062;
0#11#10#9#us-east-1#python3.7#128#scale62992332#9915fd89-d59a-403e-8f91-b52c2b00a514#9915fd89-d59a-403e-8f91-b52c2b00a514#sandbox-root-uuaJ1h#sandbox-service-e81083#169.254.45.13#b'3.90.174.90'#169.254.76.1#1395.86,2787.96#2,Intel(R) X;eon(R) P;rocessor @;2;.50GHz#1594462979722.8945#1594463005780.1685#26057.27392578125#1594462997481.261#1594463148681.8699#151200.60888671875;
0#1#1#0#us-east-1#python3.7#3008#scale63156921#95ef26c7-ca01-46e8-972d-d04d5c2677d5#95ef26c7-ca01-46e8-972d-d04d5c2677d5#sandbox-root-PmT9D4#sandbox-service-b29f54#169.254.238.109#b'100.26.235.39'#169.254.76.1#4230.61,8432.02#2,Intel(R;) Xeon(R;) Processo;r ;@ 2.50GHz#1594463142579.1316#1594463170380.17#27801.038330078125#1594463160256.299#1594463311827.585#151571.28588867188;
0#2#1#0#us-east-1#python3.7#3008#scale63312638#41dabdf6-e26d-4ac6-807e-50b130d7451a#41dabdf6-e26d-4ac6-807e-50b130d7451a#sandbox-root-p3Saqw#sandbox-service-6928b4#169.254.117.53#b'3.236.215.23'#169.254.76.1#4528.85,9028.16#2,Intel(R) ;Xeon(R) ;Processor ;@ ;2.50GHz#1594463298457.4255#1594463325892.5723#27435.146728515625#1594463315805.314#1594463467247.8882#151442.57421875;
0#3#2#0#us-east-1#python3.7#3008#scale63467939#5df685e0-ea1b-4c5d-ab86-9050cd61a5f5#5df685e0-ea1b-4c5d-ab86-9050cd61a5f5#sandbox-root-hx7SB7#sandbox-service-4a6914#169.254.55.133#b'3.233.217.96'#169.254.76.1#5554.16,11077.80#2,Intel(R); Xeon(R); Processor; @; 2.50GHz#1594463456020.9207#1594463483715.7532#27694.83251953125#1594463473826.102#1594463625143.6392#151317.537109375;
0#3#2#1#us-east-1#python3.7#3008#scale63470831#1a4a2c1c-7890-40cb-9a48-f50a34f52391#1a4a2c1c-7890-40cb-9a48-f50a34f52391#sandbox-root-Op8gJb#sandbox-service-d9e880#169.254.7.125#b'3.90.59.140'#169.254.76.1#4256.02,8481.69#2,Intel(R) Xe;on(R) Pr;ocessor @ ;2.;50GHz#1594463455515.5515#1594463483982.451#28466.8994140625#1594463473784.8352#1594463625404.259#151619.423828125;
0#4#3#0#us-east-1#python3.7#3008#scale63626862#66eaa0a0-804a-4d2a-9ea0-44c9769b1d09#66eaa0a0-804a-4d2a-9ea0-44c9769b1d09#sandbox-root-5z6Myp#sandbox-service-50deb9#169.254.52.173#b'3.229.113.75'#169.254.76.1#3827.48,7625.22#2,Intel(R) ;Xeon(R) ;Processor ;@ ;2.50GHz#1594463618219.2979#1594463646231.9475#28012.649658203125#1594463636600.126#1594463787647.085#151046.958984375;
0#4#3#2#us-east-1#python3.7#3008#scale63632926#e6b3c9e0-6bcf-4a6a-b771-45cabadd7a88#e6b3c9e0-6bcf-4a6a-b771-45cabadd7a88#sandbox-root-iIBWHd#sandbox-service-b2186a#169.254.116.37#b'35.175.118.24'#169.254.76.1#4468.61,8906.58#2,Intel(R); Xeon(R); Processor; @; 2.50GHz#1594463618443.8086#1594463646248.5754#27804.766845703125#1594463636581.811#1594463787650.705#151068.89404296875;
0#4#3#1#us-east-1#python3.7#3008#scale63629649#b4eb5dcb-aba9-4a88-96da-282716d29b25#b4eb5dcb-aba9-4a88-96da-282716d29b25#sandbox-root-HDxmaY#sandbox-service-f184fa#169.254.90.5#b'3.236.173.19'#169.254.76.1#3444.81,6858.93#2,Intel(R) Xe;on(R) Pr;ocessor @ ;2.;50GHz#1594463617806.6216#1594463646237.481#28430.859375#1594463636591.259#1594463787649.353#151058.09399414062;
0#5#4#3#us-east-1#python3.7#3008#scale63798613#1a52ce44-6c00-458d-9b38-f02e04df6928#1a52ce44-6c00-458d-9b38-f02e04df6928#sandbox-root-uiHVqx#sandbox-service-72276d#169.254.120.85#b'54.84.229.223'#169.254.76.1#5744.69,11460.53#2,Intel(R;) Xeon(R;) Processo;r ;@ 2.50GHz#1594463785426.0618#1594463811703.0344#26276.97265625#1594463802217.5159#1594463953121.2202#150903.70434570312;
0#5#4#1#us-east-1#python3.7#3008#scale63792971#c6b58f13-186c-4848-94bc-b56d158aa5d8#c6b58f13-186c-4848-94bc-b56d158aa5d8#sandbox-root-sz0cyl#sandbox-service-2125f0#169.254.191.141#b'3.237.24.35'#169.254.76.1#3443.91,6861.04#2,Intel(R) ;Xeon(R) ;Processor ;@ ;2.50GHz#1594463786676.912#1594463811807.7866#25130.87451171875#1594463802037.201#1594463953129.075#151091.8740234375;
0#5#4#2#us-east-1#python3.7#3008#scale63795942#3e4aa84a-d936-4474-a097-6c2ddf1a86a3#3e4aa84a-d936-4474-a097-6c2ddf1a86a3#sandbox-root-PQLXr5#sandbox-service-779918#169.254.254.221#b'18.204.212.188'#169.254.76.1#4423.15,8816.21#2,Intel(;R) Xeon(;R) Process;or; @ 2.50GHz#1594463783675.0132#1594463811917.1995#28242.186279296875#1594463802231.414#1594463953310.991#151079.57690429688;
0#5#4#0#us-east-1#python3.7#3008#scale63790003#8ff31709-0f2a-41eb-869e-2947960002a3#8ff31709-0f2a-41eb-869e-2947960002a3#sandbox-root-VwUnty#sandbox-service-cb4a77#169.254.15.237#b'3.87.9.244'#169.254.76.1#1092.59,2156.92#2,Intel(R) Xe;on(R) Pr;ocessor @ ;2.;50GHz#1594463784527.8337#1594463811980.2344#27452.400634765625#1594463802280.486#1594463953358.5579#151078.07177734375;
0#6#5#2#us-east-1#python3.7#3008#scale63962233#b2ebef1b-3eb5-4f64-828c-0ab94091354a#b2ebef1b-3eb5-4f64-828c-0ab94091354a#sandbox-root-9DVuNb#sandbox-service-0effe8#169.254.104.37#b'3.230.162.96'#169.254.76.1#4534.04,9039.31#2,Intel(R) ;Xeon(R) ;Processor ;@ ;2.50GHz#1594463953851.2302#1594463980775.4688#26924.238525390625#1594463971425.2861#1594464122178.295#150753.0087890625;
0#6#5#1#us-east-1#python3.7#3008#scale63959264#8f7349d6-ef4e-4705-b10c-a84971bb4c01#8f7349d6-ef4e-4705-b10c-a84971bb4c01#sandbox-root-AuzS0M#sandbox-service-bf4c91#169.254.67.133#b'3.235.42.158'#169.254.76.1#5074.40,10119.61#2,Intel(R); Xeon(R); Processor; @; 2.50GHz#1594463953544.276#1594463980762.4355#27218.15966796875#1594463971441.8098#1594464122180.686#150738.87622070312;
0#6#5#0#us-east-1#python3.7#3008#scale63956192#99724872-414d-4cb6-83ce-ca8bc0308b6f#99724872-414d-4cb6-83ce-ca8bc0308b6f#sandbox-root-UmKn1t#sandbox-service-40a12a#169.254.223.221#b'3.236.210.170'#169.254.76.1#4752.68,9474.93#2,Intel(R;) Xeon(R;) Processo;r ;@ 2.50GHz#1594463953058.262#1594463980867.7012#27809.439208984375#1594463971344.575#1594464122187.37#150842.79516601562;
0#6#5#4#us-east-1#python3.7#3008#scale63967865#e052c22a-e183-4ef3-acca-7269761c522a#e052c22a-e183-4ef3-acca-7269761c522a#sandbox-root-TiMysn#sandbox-service-66b8e1#169.254.142.141#b'52.205.252.189'#169.254.76.1#3961.01,7893.64#2,Intel(;R) Xeon(;R) Process;or; @ 2.50GHz#1594463954163.7075#1594463980881.6096#26717.902099609375#1594463971494.113#1594464122217.292#150723.17895507812;
0#6#5#3#us-east-1#python3.7#3008#scale63965203#0eb1028e-7cd4-4569-ac42-1d3663df1e96#0eb1028e-7cd4-4569-ac42-1d3663df1e96#sandbox-root-lTworN#sandbox-service-22ccf2#169.254.80.29#b'52.87.163.71'#169.254.76.1#2361.43,4694.62#2,Intel(R) X;eon(R) P;rocessor @;2;.50GHz#1594463954320.1694#1594463980946.7986#26626.629150390625#1594463971539.254#1594464122268.978#150729.72412109375;
0#7#6#1#us-east-1#python3.7#3008#scale64128630#ba677802-fc8a-42c8-a891-ce51648edaca#ba677802-fc8a-42c8-a891-ce51648edaca#sandbox-root-rwNnOA#sandbox-service-0b13d6#169.254.247.133#b'54.196.254.163'#169.254.76.1#3719.33,7409.67#2,Intel(;R) Xeon(;R) Process;or; @ 2.50GHz#1594464125450.3105#1594464152483.8066#27033.49609375#1594464143606.3098#1594464293899.851#150293.54125976562;
0#7#6#0#us-east-1#python3.7#3008#scale64125950#351920d5-08fb-4e85-8b74-9a8bc8e58c74#351920d5-08fb-4e85-8b74-9a8bc8e58c74#sandbox-root-aNcF7y#sandbox-service-2987f6#169.254.129.5#b'3.84.206.8'#169.254.76.1#3942.31,7855.77#2,Intel(R) Xeo;n(R) Pro;cessor @ 2;.5;0GHz#1594464125991.9697#1594464152574.4456#26582.475830078125#1594464143839.225#1594464293927.254#150088.02880859375;
0#7#6#2#us-east-1#python3.7#3008#scale64131291#7c604c7d-0ead-495e-b496-cee8ad1c8800#7c604c7d-0ead-495e-b496-cee8ad1c8800#sandbox-root-9LcQbk#sandbox-service-0dbad6#169.254.108.69#b'54.209.84.127'#169.254.76.1#3905.74,7781.82#2,Intel(R); Xeon(R); Processor; @; 2.50GHz#1594464125598.674#1594464152605.9285#27007.25439453125#1594464143261.932#1594464293932.688#150670.75610351562;
0#7#6#3#us-east-1#python3.7#3008#scale64134055#84107f49-6d82-4a89-8905-534478d4cadd#84107f49-6d82-4a89-8905-534478d4cadd#sandbox-root-MsX6wn#sandbox-service-d44760#169.254.176.61#b'3.95.11.223'#169.254.76.1#4459.55,8890.28#2,Intel(R) X;eon(R) P;rocessor @;2;.50GHz#1594464125953.4631#1594464152589.3076#26635.844482421875#1594464143619.061#1594464293937.4749#150318.41381835938;
0#7#6#5#us-east-1#python3.7#3008#scale64139485#07fe8cb0-1bca-448b-a8cb-d8d9c28603c8#07fe8cb0-1bca-448b-a8cb-d8d9c28603c8#sandbox-root-WTMo6p#sandbox-service-fa4548#169.254.167.173#b'52.207.246.223'#169.254.76.1#4527.66,9027.21#2,Intel(;R) Xeon(;R) Process;or; @ 2.50GHz#1594464126289.5852#1594464152609.82#26320.23486328125#1594464143621.609#1594464293985.635#150364.02612304688;
0#7#6#4#us-east-1#python3.7#3008#scale64136923#43fd600b-8123-4cd1-b53f-2009d1f3c248#43fd600b-8123-4cd1-b53f-2009d1f3c248#sandbox-root-ZPpmLY#sandbox-service-49ac78#169.254.109.149#b'54.152.249.94'#169.254.76.1#3409.95,6790.50#2,Intel(R;) Xeon(R;) Processo;r ;@ 2.50GHz#1594464125115.155#1594464152709.9453#27594.790283203125#1594464143594.329#1594464294023.51#150429.18090820312;
0#8#7#0#us-east-1#python3.7#3008#scale64298615#9713c619-17a2-4234-9d63-c88510f019dd#9713c619-17a2-4234-9d63-c88510f019dd#sandbox-root-FNu5t5#sandbox-service-2332dc#169.254.127.229#b'3.237.2.145'#169.254.76.1#4413.21,8797.84#2,Intel(R) ;Xeon(R) ;Processor ;@ ;2.50GHz#1594464301330.3499#1594464327819.3936#26489.043701171875#1594464318835.311#1594464469200.909#150365.59790039062;
0#8#7#2#us-east-1#python3.7#3008#scale64304014#673acf2f-8400-4f6e-b6b6-f7b97836bc6c#673acf2f-8400-4f6e-b6b6-f7b97836bc6c#sandbox-root-QExI7r#sandbox-service-0dbdb1#169.254.157.61#b'3.236.122.106'#169.254.76.1#3579.89,7130.61#2,Intel(R); Xeon(R); Processor; @; 2.50GHz#1594464300222.5466#1594464327828.5073#27605.960693359375#1594464318960.578#1594464469203.1719#150242.59399414062;
0#8#7#5#us-east-1#python3.7#3008#scale64312329#b5bf118a-d17a-4b63-9a12-ea28803aa13e#b5bf118a-d17a-4b63-9a12-ea28803aa13e#sandbox-root-3akI2i#sandbox-service-525750#169.254.46.53#b'18.232.38.201'#169.254.76.1#4040.02,8051.47#2,Intel(R) ;Xeon(R) ;Processor ;@ ;2.50GHz#1594464301392.6655#1594464327852.1511#26459.485595703125#1594464319075.264#1594464469205.475#150130.21118164062;
0#8#7#4#us-east-1#python3.7#3008#scale64309671#1f16ee34-6b24-4a36-a115-10f04022bfbd#1f16ee34-6b24-4a36-a115-10f04022bfbd#sandbox-root-dxm37r#sandbox-service-0fcd47#169.254.11.21#b'3.235.55.89'#169.254.76.1#1279.90,2531.56#2,Intel(R) Xe;on(R) Pr;ocessor @ ;2.;50GHz#1594464301260.6248#1594464327941.8652#26681.240478515625#1594464318941.324#1594464469279.43#150338.10595703125;
0#8#7#1#us-east-1#python3.7#3008#scale64301270#7abf9296-7cf0-4d65-81ad-75c251fa6c98#7abf9296-7cf0-4d65-81ad-75c251fa6c98#sandbox-root-Gvz2lj#sandbox-service-03375b#169.254.28.93#b'3.233.214.234'#169.254.76.1#1883.02,3737.74#2,Intel(R) ;Xeon(R) ;Processor ;@ ;2.50GHz#1594464300832.9683#1594464328000.5332#27167.56494140625#1594464318968.99#1594464469330.2751#150361.28515625;
0#8#7#3#us-east-1#python3.7#3008#scale64306805#b8958ed3-003b-4781-93fc-a5e4e6f1b838#b8958ed3-003b-4781-93fc-a5e4e6f1b838#sandbox-root-NwAw5W#sandbox-service-d5598d#169.254.163.165#b'174.129.127.21'#169.254.76.1#5201.43,10373.77#2,Intel;(R) Xeon;(R) Proces;so;r @ 2.50GHz#1594464300953.662#1594464328063.202#27109.539794921875#1594464318826.685#1594464469407.707#150581.02197265625;
0#8#7#6#us-east-1#python3.7#3008#scale64314992#4fdd4701-a3ee-4404-bedb-660f0e16e6df#4fdd4701-a3ee-4404-bedb-660f0e16e6df#sandbox-root-6aPV2N#sandbox-service-e0fc6b#169.254.15.141#b'3.87.109.28'#169.254.76.1#1075.63,2122.02#2,Intel(R) X;eon(R) P;rocessor @;2;.50GHz#1594464299900.0251#1594464328198.3665#28298.34130859375#1594464319063.8909#1594464469523.824#150459.93310546875;
0#9#8#4#us-east-1#python3.7#3008#scale64487548#e52a195c-886e-4c70-bf68-470781d1ec42#e52a195c-886e-4c70-bf68-470781d1ec42#sandbox-root-1Tjy3o#sandbox-service-0095ee#169.254.15.189#b'3.235.144.10'#169.254.76.1#1448.54,2870.34#2,Intel(R) ;Xeon(R) ;Processor ;@ ;2.50GHz#1594464484066.7073#1594464509595.2446#25528.537353515625#1594464501224.628#1594464650962.7012#149738.0732421875;
0#9#8#2#us-east-1#python3.7#3008#scale64480874#8b8204e0-30e1-4088-a6ef-6aac5fa49e55#8b8204e0-30e1-4088-a6ef-6aac5fa49e55#sandbox-root-qx13lw#sandbox-service-0badc5#169.254.241.53#b'54.87.137.0'#169.254.76.1#4310.45,8594.04#2,Intel(R) X;eon(R) P;rocessor @;2;.50GHz#1594464484503.1726#1594464509589.2075#25086.034912109375#1594464501198.7761#1594464650961.206#149762.42993164062;
0#9#8#0#us-east-1#python3.7#3008#scale64475024#f3bc0678-4252-4662-b443-0adf6393d7e9#f3bc0678-4252-4662-b443-0adf6393d7e9#sandbox-root-ZJyefr#sandbox-service-34c16a#169.254.65.181#b'35.153.60.171'#169.254.76.1#4112.47,8197.58#2,Intel(R); Xeon(R); Processor; @; 2.50GHz#1594464483824.5823#1594464509643.5342#25818.951904296875#1594464500865.7861#1594464650968.8699#150103.08374023438;
0#9#8#1#us-east-1#python3.7#3008#scale64478014#34bed382-7fdd-4cd2-b061-24332329cdc5#34bed382-7fdd-4cd2-b061-24332329cdc5#sandbox-root-2DFYPG#sandbox-service-f251aa#169.254.53.13#b'3.90.140.203'#169.254.76.1#5637.34,11245.81#2,Intel(R) ;Xeon(R) ;Processor ;@ ;2.50GHz#1594464482693.8743#1594464509696.9346#27003.060302734375#1594464500979.548#1594464651013.9211#150034.373046875;
0#9#8#3#us-east-1#python3.7#3008#scale64484767#22d6e917-64fe-46a1-9d0f-eefe01137f26#22d6e917-64fe-46a1-9d0f-eefe01137f26#sandbox-root-OUvHRW#sandbox-service-769c89#169.254.215.237#b'34.201.32.226'#169.254.76.1#4741.05,9454.63#2,Intel(R;) Xeon(R;) Processo;r ;@ 2.50GHz#1594464483604.4094#1594464509746.6787#26142.269287109375#1594464500920.977#1594464651034.938#150113.9609375;
0#9#8#5#us-east-1#python3.7#3008#scale64490601#b6a02504-2ed0-4365-9880-262c83b99e8d#b6a02504-2ed0-4365-9880-262c83b99e8d#sandbox-root-EztcRp#sandbox-service-e5e9a2#169.254.197.197#b'3.236.70.170'#169.254.76.1#4694.75,9360.15#2,Intel(R); Xeon(R); Processor; @; 2.50GHz#1594464482379.5881#1594464509814.003#27434.414794921875#1594464500944.279#1594464651117.831#150173.55200195312;
0#9#8#6#us-east-1#python3.7#3008#scale64493572#0707a2ac-0aa8-4f7f-89d3-3d9810d11af2#0707a2ac-0aa8-4f7f-89d3-3d9810d11af2#sandbox-root-u5tHUg#sandbox-service-a33d19#169.254.193.229#b'3.236.254.58'#169.254.76.1#4675.83,9323.99#2,Intel(R); Xeon(R); Processor; @; 2.50GHz#1594464483712.6025#1594464509834.4104#26121.807861328125#1594464500792.041#1594464651139.657#150347.61596679688;
0#9#8#7#us-east-1#python3.7#3008#scale64496644#0b146459-df65-430f-a61c-3c24bea4b05a#0b146459-df65-430f-a61c-3c24bea4b05a#sandbox-root-Q40PMz#sandbox-service-ec7109#169.254.172.229#b'18.215.162.56'#169.254.76.1#3372.48,6716.46#2,Intel(R;) Xeon(R;) Processo;r ;@ 2.50GHz#1594464482605.2473#1594464509855.6633#27250.416015625#1594464500923.093#1594464651204.483#150281.38989257812;
0#10#9#3#us-east-1#python3.7#3008#scale64667646#aaefbe03-f3a4-427f-b4f4-f9bfa30d0fd5#aaefbe03-f3a4-427f-b4f4-f9bfa30d0fd5#sandbox-root-xETotj#sandbox-service-9677e0#169.254.103.165#b'3.236.255.61'#169.254.76.1#4460.05,8892.79#2,Intel(R;) Xeon(R;) Processo;r ;@ 2.50GHz#1594464680350.409#1594464705768.784#25418.375#1594464697515.729#1594464847155.58#149639.85107421875;
0#10#9#5#us-east-1#python3.7#3008#scale64678366#04877145-c061-4ac6-b31c-102bbf85eb67#04877145-c061-4ac6-b31c-102bbf85eb67#sandbox-root-8M7JX9#sandbox-service-1bb088#169.254.224.61#b'54.152.214.85'#169.254.76.1#4811.13,9594.67#2,Intel(R;) Xeon(R;) Processo;r ;@ 2.50GHz#1594464680229.0574#1594464705771.6309#25542.573486328125#1594464697324.9421#1594464847157.564#149832.62182617188;
0#10#9#2#us-east-1#python3.7#3008#scale64664574#e061e663-dc0d-40b0-afe3-5beae3310570#e061e663-dc0d-40b0-afe3-5beae3310570#sandbox-root-rc6RYb#sandbox-service-7897d2#169.254.1.185#b'3.87.75.223'#169.254.76.1#201.00,373.85#2,Intel(R) Xeo;n(R) Pro;cessor @ 2;.5;0GHz#1594464679047.6648#1594464705882.1965#26834.53173828125#1594464697529.0571#1594464847179.03#149649.97290039062;
0#10#9#8#us-east-1#python3.7#3008#scale64692529#226d9a6a-e855-4d6a-b694-19d86508705e#226d9a6a-e855-4d6a-b694-19d86508705e#sandbox-root-21rrCQ#sandbox-service-ab5898#169.254.44.13#b'52.91.92.221'#169.254.76.1#3273.43,6519.19#2,Intel(R) ;Xeon(R) ;Processor ;@ ;2.50GHz#1594464679838.3125#1594464705887.4805#26049.16796875#1594464697133.118#1594464847181.681#150048.56298828125;
0#10#9#1#us-east-1#python3.7#3008#scale64661563#90359a69-0d98-47c2-9d47-634c0764fdc8#90359a69-0d98-47c2-9d47-634c0764fdc8#sandbox-root-ivI4Bv#sandbox-service-0629f7#169.254.128.109#b'34.207.201.248'#169.254.76.1#4786.60,9545.03#2,Intel;(R) Xeon;(R) Proces;so;r @ 2.50GHz#1594464679858.0764#1594464705874.4353#26016.35888671875#1594464697028.517#1594464847208.8809#150180.36376953125;
0#10#9#6#us-east-1#python3.7#3008#scale64683725#9aedafc7-1514-4f4c-b85e-ff20801d6779#9aedafc7-1514-4f4c-b85e-ff20801d6779#sandbox-root-dPWFhe#sandbox-service-493091#169.254.215.189#b'3.237.20.90'#169.254.76.1#3988.99,7948.80#2,Intel(R); Xeon(R); Processor; @; 2.50GHz#1594464678599.9211#1594464705940.111#27340.18994140625#1594464697034.678#1594464847232.365#150197.68701171875;
0#10#9#7#us-east-1#python3.7#3008#scale64688125#b1fc891c-0430-4b2c-85cc-2af2a3459962#b1fc891c-0430-4b2c-85cc-2af2a3459962#sandbox-root-JnBYL6#sandbox-service-b6b9f8#169.254.2.117#b'54.174.130.76'#169.254.76.1#3999.34,7969.80#2,Intel(R); Xeon(R); Processor; @; 2.50GHz#1594464679042.8047#1594464705961.01#26918.205322265625#1594464697169.462#1594464847296.213#150126.7509765625;
0#10#9#4#us-east-1#python3.7#3008#scale64675428#e79f6fee-f376-427a-9643-bd92072cfd1f#e79f6fee-f376-427a-9643-bd92072cfd1f#sandbox-root-mxZWLs#sandbox-service-9ad3a8#169.254.220.133#b'34.201.32.226'#169.254.76.1#4167.68,8306.57#2,Intel(;R) Xeon(;R) Process;or; @ 2.50GHz#1594464678613.4487#1594464706022.348#27408.899169921875#1594464697043.295#1594464847301.3152#150258.02026367188;
0#10#9#0#us-east-1#python3.7#3008#scale64658449#1261fa96-75cc-4f08-9713-131e3ca72890#1261fa96-75cc-4f08-9713-131e3ca72890#sandbox-root-VR84MM#sandbox-service-bcd44c#169.254.86.93#b'3.87.52.239'#169.254.76.1#3085.36,6143.58#2,Intel(R) X;eon(R) P;rocessor @;2;.50GHz#1594464680078.9434#1594464705990.6257#25911.682373046875#1594464697236.417#1594464847335.174#150098.75708007812;
0#11#10#8#us-east-1#python3.7#3008#scale64882277#7223e397-34e2-4ee4-bc18-af203dc8ab2b#7223e397-34e2-4ee4-bc18-af203dc8ab2b#sandbox-root-CS2yBX#sandbox-service-8e95d7#169.254.131.101#b'3.237.2.145'#169.254.76.1#4263.25,8499.37#2,Intel(R;) Xeon(R;) Processo;r ;@ 2.50GHz#1594464873609.6973#1594464898768.221#25158.523681640625#1594464890411.663#1594465040066.945#149655.28198242188;
0#11#10#1#us-east-1#python3.7#3008#scale64857080#284096cb-13ec-4db9-a1d9-42811cacf370#284096cb-13ec-4db9-a1d9-42811cacf370#sandbox-root-wsicnL#sandbox-service-100c13#169.254.104.157#b'3.227.3.195'#169.254.76.1#4398.35,8767.80#2,Intel(R;) Xeon(R;) Processo;r ;@ 2.50GHz#1594464872195.553#1594464898682.1533#26486.600341796875#1594464890406.881#1594465040064.881#149658.0;
0#11#10#3#us-east-1#python3.7#3008#scale64863122#4530bdda-3614-41d2-a9c7-5b3f1edddeba#4530bdda-3614-41d2-a9c7-5b3f1edddeba#sandbox-root-OGNJkd#sandbox-service-2035cb#169.254.91.109#b'3.236.249.75'#169.254.76.1#3773.95,7519.13#2,Intel(R;) Xeon(R;) Processo;r ;@ 2.50GHz#1594464872159.7732#1594464898746.2363#26586.463134765625#1594464890077.946#1594465040063.694#149985.748046875;
0#11#10#2#us-east-1#python3.7#3008#scale64860254#6c6791bf-353a-4b93-afb8-1f66071dde7d#6c6791bf-353a-4b93-afb8-1f66071dde7d#sandbox-root-7v1DCh#sandbox-service-4ed174#169.254.100.253#b'54.146.77.150'#169.254.76.1#4309.85,8590.81#2,Intel;(R) Xeon;(R) Proces;so;r @ 2.50GHz#1594464871633.8987#1594464898850.2358#27216.337158203125#1594464890052.855#1594465040135.611#150082.75610351562;
0#11#10#0#us-east-1#python3.7#3008#scale64854234#c3fc2f6c-f479-4192-aaf4-abf376a8f136#c3fc2f6c-f479-4192-aaf4-abf376a8f136#sandbox-root-MOrveC#sandbox-service-2d21c2#169.254.9.233#b'34.231.225.47'#169.254.76.1#886.42,1744.42#2,Intel(R); Xeon(R); Processor; @; 2.50GHz#1594464871929.3271#1594464898823.9294#26894.602294921875#1594464890389.159#1594465040142.859#149753.69995117188;
0#11#10#7#us-east-1#python3.7#3008#scale64879403#97eb097f-bee3-4f75-811e-fcae40d44804#97eb097f-bee3-4f75-811e-fcae40d44804#sandbox-root-OQ1LO0#sandbox-service-566332#169.254.33.189#b'52.91.12.18'#169.254.76.1#2390.22,4752.82#2,Intel(R); Xeon(R); Processor; @; 2.50GHz#1594464872683.8105#1594464898847.4014#26163.5908203125#1594464890086.077#1594465040164.588#150078.51098632812;
0#11#10#5#us-east-1#python3.7#3008#scale64873361#04fff215-9bef-4606-b4fe-bb55d7218005#04fff215-9bef-4606-b4fe-bb55d7218005#sandbox-root-J145oe#sandbox-service-433def#169.254.51.109#b'18.234.178.123'#169.254.76.1#6742.07,13454.67#2,Inte;l(R) Xeo;n(R) Proce;ss;or @ 2.50GHz#1594464871771.797#1594464898827.7014#27055.904296875#1594464890508.961#1594465040180.2012#149671.240234375;
0#11#10#4#us-east-1#python3.7#3008#scale64866193#6a7679e7-a866-42e5-9c2b-ab0a4d8df1b1#6a7679e7-a866-42e5-9c2b-ab0a4d8df1b1#sandbox-root-XhyfU7#sandbox-service-979566#169.254.170.53#b'3.84.19.71'#169.254.76.1#4836.08,9643.43#2,Intel(R) ;Xeon(R) ;Processor ;@ ;2.50GHz#1594464871826.8076#1594464898922.7603#27095.95263671875#1594464889946.635#1594465040239.537#150292.90209960938;
0#11#10#6#us-east-1#python3.7#3008#scale64876331#fce7b0a0-b237-40ed-a27c-16011c8469f8#fce7b0a0-b237-40ed-a27c-16011c8469f8#sandbox-root-xCoJ3l#sandbox-service-3c1f27#169.254.254.29#b'3.89.196.110'#169.254.76.1#3389.78,6752.19#2,Intel(R;) Xeon(R;) Processo;r ;@ 2.50GHz#1594464873254.5903#1594464898948.91#25694.319580078125#1594464890494.968#1594465040276.2092#149781.2412109375;
0#11#10#9#us-east-1#python3.7#3008#scale64885138#b2e5831b-ff9d-426e-b83d-11a3efffd24f#b2e5831b-ff9d-426e-b83d-11a3efffd24f#sandbox-root-36b8A3#sandbox-service-2dfe11#169.254.243.117#b'107.23.235.220'#169.254.76.1#4583.26,9136.55#2,Inte;l(R) Xeo;n(R) Proce;ss;or @ 2.50GHz#1594464871241.8362#1594464898984.9304#27743.09423828125#1594464889998.059#1594465040314.312#150316.2529296875;