0#1#2#0#us-east-1#python2.7#128#coldstart18031857#43d11949-ff79-4609-8e57-493d4102ca8a#43d11949-ff79-4609-8e57-493d4102ca8a#sandbox-root-bo8ttx#sandbox-service-8b94fe#169.254.212.141#3.236.74.192#169.254.76.1#771.70;1538.54#2;Intel(R) Xeon(R) Processor @ 2.50GHz#1596518007767.278#1596518043402.844#35635.56591796875#1596518038097.5571#1596518262232.996#224135.43896484375
0#1#2#1#us-east-1#python2.7#128#coldstart18035116#177a1412-629a-412f-8eb9-933b34d2b5e0#177a1412-629a-412f-8eb9-933b34d2b5e0#sandbox-root-3RY76V#sandbox-service-14c419#169.254.138.125#34.236.33.4#169.254.76.1#556.28;1108.12#2;Intel(R) Xeon(R) Processor @ 2.50GHz#1596518008780.241#1596518043366.155#34585.9140625#1596518038079.714#1596518262236.5042#224156.7900390625
0#2#2#0#us-east-1#python2.7#128#coldstart18031857#69b682c9-7b1f-4d7a-a98f-98e09646d01f#a4d9cdd8-d07e-41b0-af44-9b9850dea0bf#sandbox-root-GGD68y#sandbox-service-ed1a8d#169.254.5.21#3.88.202.226#169.254.76.1#533.90;1051.46#2;Intel(R) Xeon(R) Processor @ 2.50GHz#1596518232153.286#1596518267537.8252#35384.539306640625#1596518262577.641#1596518483203.476#220625.8349609375
0#2#2#1#us-east-1#python2.7#128#coldstart18035116#074a9743-ca28-426e-88ff-d389b1589358#7380591e-092d-4fe3-b8e0-27c3b8351af0#sandbox-root-N8ucB7#sandbox-service-5e247d#169.254.105.229#34.237.144.208#169.254.76.1#1083.52;2155.36#2;Intel(R) Xeon(R) Processor @ 2.50GHz#1596518232913.523#1596518267583.02#34669.4970703125#1596518262616.2651#1596518483249.45#220633.18481445312
0#1#2#0#us-east-1#python2.7#3008#coldstart18484668#ac2b9c8b-f116-4c15-a4df-c1e29836e46a#ac2b9c8b-f116-4c15-a4df-c1e29836e46a#sandbox-root-bXm9bd#sandbox-service-49ed8a#169.254.254.45#54.157.238.210#169.254.76.1#3085.24;6133.33#2;Intel(R) Xeon(R) Processor @ 2.50GHz#1596518460982.107#1596518496308.801#35326.694091796875#1596518491258.2349#1596518712064.039#220805.80419921875
0#1#2#1#us-east-1#python2.7#3008#coldstart18488458#e8004eea-dc81-4c81-b62c-ecba8f30c29e#e8004eea-dc81-4c81-b62c-ecba8f30c29e#sandbox-root-Iaghvb#sandbox-service-ec4ebe#169.254.203.157#52.91.65.178#169.254.76.1#3102.28;6166.13#2;Intel(R) Xeon(R) Processor @ 2.50GHz#1596518459557.884#1596518496424.546#36866.661865234375#1596518491250.4412#1596518712094.974#220844.53295898438
0#2#2#0#us-east-1#python2.7#3008#coldstart18484668#22f500be-bf75-4c60-a578-3f97a78ae031#b2eb0539-ee7a-47a3-a8dc-9ea84874d325#sandbox-root-volgUR#sandbox-service-06f4fc#169.254.14.13#3.237.14.142#169.254.76.1#1424.47;2650.67#2;Intel(R) Xeon(R) Processor @ 2.50GHz#1596518679504.625#1596518717307.458#37802.8330078125#1596518712546.5479#1596518932832.219#220285.67114257812
0#2#2#1#us-east-1#python2.7#3008#coldstart18488458#13860471-12f6-4bad-b708-f45c4a96e94d#8e29725c-72ec-48c6-abee-340129e0e4f2#sandbox-root-iZr3ZV#sandbox-service-972032#169.254.0.149#54.146.252.135#169.254.76.1#586.52;977.58#2;Intel(R) Xeon(R) Processor @ 2.50GHz#1596518682811.323#1596518717332.628#34521.304931640625#1596518712539.282#1596518932834.559#220295.27709960938
0#1#2#1#us-east-1#python3.6#128#coldstart18937055#6c04516e-3f54-4693-9378-a2bd92c6f0bc#6c04516e-3f54-4693-9378-a2bd92c6f0bc#sandbox-root-0gc8SY#sandbox-service-917216#169.254.38.61#b'3.236.141.232'#169.254.76.1#1014.94;2025.66#2;Intel(R) Xeon(R) Processor @ 2.50GHz#1596518908383.2158#1596518944746.39#36363.174072265625#1596518939821.827#1596519162000.0662#222178.2392578125
0#1#2#0#us-east-1#python3.6#128#coldstart18934283#c226e994-62e5-4f03-b0a4-8212bccaff19#c226e994-62e5-4f03-b0a4-8212bccaff19#sandbox-root-x4q1en#sandbox-service-6bbaca#169.254.129.205#b'34.200.234.141'#169.254.76.1#1063.38;2122.70#2;Intel(R) Xeon(R) Processor @ 2.50GHz#1596518909513.7444#1596518944866.5896#35352.84521484375#1596518939813.988#1596519162003.4211#222189.43310546875
0#2#2#0#us-east-1#python3.6#128#coldstart18934283#c226e994-62e5-4f03-b0a4-8212bccaff19#502328d1-5993-4f5f-a45b-79620dfdc478#sandbox-root-x4q1en#sandbox-service-6bbaca#169.254.129.205#b'34.200.234.141'#169.254.76.1#1285.86;2564.35#2;Intel(R) Xeon(R) Processor @ 2.50GHz#1596519133420.1755#1596519167341.4338#33921.25830078125#1596519162377.5999#1596519382974.386#220596.7861328125
0#2#2#1#us-east-1#python3.6#128#coldstart18937055#883b4286-d96d-44d0-a388-0751266cce0a#663480cb-1c93-42ef-a2ff-1b1e1fca6266#sandbox-root-JzoUmT#sandbox-service-93681f#169.254.122.13#b'3.223.4.31'#169.254.76.1#1288.48;2565.19#2;Intel(R) Xeon(R) Processor @ 2.50GHz#1596519132543.6#1596519167389.6736#34846.073486328125#1596519162369.78#1596519382991.8672#220622.08715820312
0#1#2#1#us-east-1#python3.6#3008#coldstart19390859#2262883f-72c5-492f-88c2-b1c76fc27250#2262883f-72c5-492f-88c2-b1c76fc27250#sandbox-root-rgyxKq#sandbox-service-ceb47d#169.254.72.189#b'3.236.97.79'#169.254.76.1#4412.20;8785.60#2;Intel(R) Xeon(R) Processor @ 2.50GHz#1596519362115.9033#1596519398547.8433#36431.93994140625#1596519393682.458#1596519614088.5679#220406.10986328125
0#1#2#0#us-east-1#python3.6#3008#coldstart19384561#712dc6ea-0084-4fcb-8d02-ff7e92d8ab4f#712dc6ea-0084-4fcb-8d02-ff7e92d8ab4f#sandbox-root-1zpfuj#sandbox-service-82368a#169.254.238.37#b'18.204.48.96'#169.254.76.1#3658.46;7278.93#2;Intel(R) Xeon(R) Processor @ 2.50GHz#1596519362430.6812#1596519398517.8762#36087.195068359375#1596519393689.6938#1596519614086.492#220396.79809570312
0#2#2#0#us-east-1#python3.6#3008#coldstart19384561#712dc6ea-0084-4fcb-8d02-ff7e92d8ab4f#81fc531d-63f7-4836-b1fa-a59551f1d9d2#sandbox-root-1zpfuj#sandbox-service-82368a#169.254.238.37#b'18.204.48.96'#169.254.76.1#3879.24;7685.53#2;Intel(R) Xeon(R) Processor @ 2.50GHz#1596519585716.965#1596519619305.9612#33588.99609375#1596519614468.494#1596519834753.487#220284.9931640625
0#2#2#1#us-east-1#python3.6#3008#coldstart19390859#2262883f-72c5-492f-88c2-b1c76fc27250#fbc561a4-1eb9-48ab-98ce-b50b3e069995#sandbox-root-rgyxKq#sandbox-service-ceb47d#169.254.72.189#b'3.236.97.79'#169.254.76.1#4632.98;9190.77#2;Intel(R) Xeon(R) Processor @ 2.50GHz#1596519583247.2605#1596519619334.9749#36087.71435546875#1596519614461.055#1596519834756.75#220295.69506835938
0#1#2#1#us-east-1#python3.7#128#coldstart19838780#241adc34-0fb8-4d1c-b743-35a255aad0e0#241adc34-0fb8-4d1c-b743-35a255aad0e0#sandbox-root-7rv5KS#sandbox-service-ff3d1b#169.254.231.221#b'3.236.207.182'#169.254.76.1#1155.76;2306.69#2;Intel(R) Xeon(R) Processor @ 2.50GHz#1596519812223.2737#1596519846501.13#34277.856201171875#1596519841539.1719#1596520063612.766#222073.59423828125
0#1#2#0#us-east-1#python3.7#128#coldstart19836260#056858bf-5fe5-4acf-aa4c-17003e74f3e2#056858bf-5fe5-4acf-aa4c-17003e74f3e2#sandbox-root-eQOv9g#sandbox-service-537935#169.254.239.165#b'18.207.135.127'#169.254.76.1#1370.42;2736.94#2;Intel(R) Xeon(R) Processor @ 2.50GHz#1596519813519.2473#1596519846573.5315#33054.2841796875#1596519841532.191#1596520063615.9849#222083.7939453125
0#2#2#1#us-east-1#python3.7#128#coldstart19838780#25a2df6e-d3fa-4875-96a7-906bc7ddd7e8#827b3f07-fc79-4d9e-88b8-4a9ae3685c4e#sandbox-root-Hir7Cn#sandbox-service-e30d40#169.254.129.37#b'18.207.132.96'#169.254.76.1#1172.66;2324.01#2;Intel(R) Xeon(R) Processor @ 2.50GHz#1596520033681.8523#1596520068854.8347#35172.982421875#1596520063941.636#1596520284586.95#220645.31396484375
0#2#2#0#us-east-1#python3.7#128#coldstart19836260#d059c1ad-3932-4d5c-89c1-47241fd6e385#9c900200-a17b-4c67-866e-2d861d6d6b3f#sandbox-root-6TCX38#sandbox-service-912f75#169.254.116.45#b'35.170.51.194'#169.254.76.1#1692.84;3363.85#2;Intel(R) Xeon(R) Processor @ 2.50GHz#1596520036148.8115#1596520069086.214#32937.402587890625#1596520063985.2432#1596520284668.797#220683.55395507812
0#1#2#0#us-east-1#python3.7#3008#coldstart20286188#1d084770-7636-42f3-a748-ee4ae9d91fb5#1d084770-7636-42f3-a748-ee4ae9d91fb5#sandbox-root-DkoBgE#sandbox-service-870e85#169.254.240.173#b'3.233.240.37'#169.254.76.1#3120.83;6207.51#2;Intel(R) Xeon(R) Processor @ 2.50GHz#1596520264005.2058#1596520296585.712#32580.506103515625#1596520291483.652#1596520512114.903#220631.2509765625
0#1#2#1#us-east-1#python3.7#3008#coldstart20288709#93bc507f-49e2-4eac-8836-f43b5456495e#93bc507f-49e2-4eac-8836-f43b5456495e#sandbox-root-ZUJeEk#sandbox-service-818cac#169.254.16.125#b'3.81.8.214'#169.254.76.1#1226.10;2413.47#2;Intel(R) Xeon(R) Processor @ 2.50GHz#1596520259101.127#1596520296679.7551#37578.628173828125#1596520291475.796#1596520512155.641#220679.84521484375
0#2#2#0#us-east-1#python3.7#3008#coldstart20286188#a6d37863-7907-42a0-820e-7d16776bd72a#ba45b87b-77bc-414a-b808-877eb4a04a31#sandbox-root-skwxAl#sandbox-service-7bdce6#169.254.244.189#b'34.200.242.172'#169.254.76.1#3880.11;7500.78#2;Intel(R) Xeon(R) Processor @ 2.50GHz#1596520479681.6953#1596520517360.737#37679.041748046875#1596520512530.121#1596520732784.796#220254.6748046875
0#2#2#1#us-east-1#python3.7#3008#coldstart20288709#8b51a405-7d6a-44c3-8e4b-3728e7e9970f#e97d9eee-cef8-4389-aa33-3e85a5244c70#sandbox-root-3ACLgJ#sandbox-service-de09c1#169.254.107.221#b'3.236.195.3'#169.254.76.1#2627.80;5059.06#2;Intel(R) Xeon(R) Processor @ 2.50GHz#1596520482395.2188#1596520517370.704#34975.4853515625#1596520512492.482#1596520732782.691#220290.208984375
1#1#2#1#us-east-1#python2.7#128#coldstart20736878#98bebe4d-3589-4024-b55c-b782b7ba1099#98bebe4d-3589-4024-b55c-b782b7ba1099#sandbox-root-fjaREP#sandbox-service-b61143#169.254.187.213#3.94.111.166#169.254.76.1#1417.08;2829.26#2;Intel(R) Xeon(R) Processor @ 2.50GHz#1596520709180.445#1596520744823.272#35642.826904296875#1596520739785.48#1596520963417.1619#223631.68188476562
1#1#2#0#us-east-1#python2.7#128#coldstart20734368#779d801f-5d5e-4027-a23a-de3bf28397e4#779d801f-5d5e-4027-a23a-de3bf28397e4#sandbox-root-Y7482p#sandbox-service-5b0fd6#169.254.68.13#54.221.167.8#169.254.76.1#1132.46;2260.45#2;Intel(R) Xeon(R) Processor @ 2.50GHz#1596520710723.573#1596520744784.775#34061.201904296875#1596520739776.8308#1596520963423.561#223646.73022460938
1#2#2#1#us-east-1#python2.7#128#coldstart20736878#98bebe4d-3589-4024-b55c-b782b7ba1099#01b40057-4786-48c7-a1b8-aef92aef4c9b#sandbox-root-fjaREP#sandbox-service-b61143#169.254.187.213#3.94.111.166#169.254.76.1#1641.04;3274.90#2;Intel(R) Xeon(R) Processor @ 2.50GHz#1596520935956.783#1596520968757.477#32800.694091796875#1596520964251.4182#1596521184369.4128#220117.99462890625
1#2#2#0#us-east-1#python2.7#128#coldstart20734368#779d801f-5d5e-4027-a23a-de3bf28397e4#5240a2a7-3a0a-4102-a3aa-2f6543b5b6ba#sandbox-root-Y7482p#sandbox-service-5b0fd6#169.254.68.13#54.221.167.8#169.254.76.1#1356.48;2705.50#2;Intel(R) Xeon(R) Processor @ 2.50GHz#1596520933719.398#1596520968796.4548#35077.056884765625#1596520964224.8198#1596521184443.343#220218.52319335938
1#1#2#1#us-east-1#python2.7#3008#coldstart21188451#0261251b-c887-459c-8838-3ef6624ea0fc#0261251b-c887-459c-8838-3ef6624ea0fc#sandbox-root-V6nuaF#sandbox-service-cbca51#169.254.50.101#3.86.26.196#169.254.76.1#2143.90;4251.24#2;Intel(R) Xeon(R) Processor @ 2.50GHz#1596521161955.677#1596521196613.892#34658.215087890625#1596521191582.245#1596521412292.609#220710.36376953125
1#1#2#0#us-east-1#python2.7#3008#coldstart21185909#4ba3555a-2b7e-4860-962d-c69ac8802f2a#4ba3555a-2b7e-4860-962d-c69ac8802f2a#sandbox-root-oiZC8l#sandbox-service-000859#169.254.114.101#3.236.89.119#169.254.76.1#2161.06;4288.43#2;Intel(R) Xeon(R) Processor @ 2.50GHz#1596521164071.379#1596521196604.744#32533.364990234375#1596521191622.251#1596521412295.918#220673.6669921875
1#2#2#0#us-east-1#python2.7#3008#coldstart21185909#26134365-0b2a-4645-beae-e7beceef83f1#f0c96eb7-a144-45b6-b05f-8c49a4fa6912#sandbox-root-M7V4W8#sandbox-service-24d061#169.254.233.205#18.207.135.127#169.254.76.1#3311.59;6491.36#2;Intel(R) Xeon(R) Processor @ 2.50GHz#1596521384414.8992#1596521417504.633#33089.73388671875#1596521412689.933#1596521632857.86#220167.92700195312
1#2#2#1#us-east-1#python2.7#3008#coldstart21188451#089d52f1-7653-49e3-bbe6-4b8599f9505b#9716b491-737f-43ff-86b5-d515d8810b28#sandbox-root-ZU5NIb#sandbox-service-9df665#169.254.36.29#3.83.190.105#169.254.76.1#1767.54;3278.66#2;Intel(R) Xeon(R) Processor @ 2.50GHz#1596521382868.907#1596521417536.175#34667.26806640625#1596521412683.169#1596521632900.785#220217.61596679688
1#1#2#1#us-east-1#python3.6#128#coldstart21636953#41546ca6-8f1b-44cf-a3a6-c8f3f5c9548d#41546ca6-8f1b-44cf-a3a6-c8f3f5c9548d#sandbox-root-1fzTRm#sandbox-service-87bcb8#169.254.160.189#b'52.207.64.185'#169.254.76.1#1223.56;2442.56#2;Intel(R) Xeon(R) Processor @ 2.50GHz#1596521609687.1736#1596521644984.5493#35297.375732421875#1596521639830.4592#1596521862227.824#222397.36474609375
1#1#2#0#us-east-1#python3.6#128#coldstart21634448#7d78a91b-8b20-48a2-bd31-2e915b635b81#7d78a91b-8b20-48a2-bd31-2e915b635b81#sandbox-root-DRV1hL#sandbox-service-fc560c#169.254.88.245#b'107.20.26.137'#169.254.76.1#1130.12;2255.48#2;Intel(R) Xeon(R) Processor @ 2.50GHz#1596521607971.9026#1596521644932.0762#36960.173583984375#1596521639796.467#1596521862637.392#222840.92504882812
1#2#2#1#us-east-1#python3.6#128#coldstart21636953#3b44a272-1eae-4e18-ad17-5a3aad293513#105e20cf-5760-49c6-ba63-b34a8422549f#sandbox-root-y0NE2v#sandbox-service-62f290#169.254.92.93#b'3.237.21.92'#169.254.76.1#1731.50;3449.94#2;Intel(R) Xeon(R) Processor @ 2.50GHz#1596521831750.162#1596521867913.0266#36162.864501953125#1596521862963.541#1596522083518.008#220554.46704101562
1#2#2#0#us-east-1#python3.6#128#coldstart21634448#283613dd-63e9-46a7-aebb-5b444f1d3406#364c604c-8662-4d35-9204-54831a31bd5b#sandbox-root-xQk7od#sandbox-service-9d8c45#169.254.73.93#b'3.88.36.10'#169.254.76.1#1376.80;2736.76#2;Intel(R) Xeon(R) Processor @ 2.50GHz#1596521834388.6047#1596521867996.835#33608.230224609375#1596521862955.197#1596522083559.192#220603.99487304688
1#1#2#1#us-east-1#python3.6#3008#coldstart22087450#c630c5eb-01ff-4ca2-b20e-e629c1807971#c630c5eb-01ff-4ca2-b20e-e629c1807971#sandbox-root-tL2yvj#sandbox-service-afc63f#169.254.106.149#b'18.207.241.217'#169.254.76.1#3165.88;6296.06#2;Intel(R) Xeon(R) Processor @ 2.50GHz#1596522061738.6213#1596522095184.8938#33446.2724609375#1596522090256.96#1596522310697.766#220440.80615234375
1#1#2#0#us-east-1#python3.6#3008#coldstart22085001#6aa43a8a-464d-4339-ab03-018f320f6021#6aa43a8a-464d-4339-ab03-018f320f6021#sandbox-root-ImtETv#sandbox-service-0810d7#169.254.17.169#b'54.197.64.161'#169.254.76.1#2784.79;5531.54#2;Intel(R) Xeon(R) Processor @ 2.50GHz#1596522059353.7551#1596522095245.9622#35892.20703125#1596522090264.742#1596522310714.637#220449.89501953125
1#2#2#0#us-east-1#python3.6#3008#coldstart22085001#1faa5e55-622e-4513-82f3-6aeddd9bdcd3#b58900eb-5b1f-4264-8f04-224a6c6badd8#sandbox-root-6lf90o#sandbox-service-438f28#169.254.252.197#b'3.235.64.109'#169.254.76.1#3326.62;6455.05#2;Intel(R) Xeon(R) Processor @ 2.50GHz#1596522279435.4426#1596522315933.807#36498.3642578125#1596522311366.2468#1596522531240.746#219874.49926757812
1#2#2#1#us-east-1#python3.6#3008#coldstart22087450#d387aba5-4c1c-4747-a883-aaa3e6f81e07#915cf353-9174-4135-bf49-ef22fabbe77e#sandbox-root-bRXUZx#sandbox-service-df3e1b#169.254.56.141#b'18.234.67.227'#169.254.76.1#3806.48;7355.52#2;Intel(R) Xeon(R) Processor @ 2.50GHz#1596522281076.4578#1596522315934.4258#34857.968017578125#1596522311289.813#1596522531261.3188#219971.505859375
1#1#2#1#us-east-1#python3.7#128#coldstart22535787#6c2f5717-6304-4959-963b-c5c9a8c3760d#6c2f5717-6304-4959-963b-c5c9a8c3760d#sandbox-root-qX4Knq#sandbox-service-fd05fc#169.254.198.117#b'35.175.187.191'#169.254.76.1#1319.94;2635.89#2;Intel(R) Xeon(R) Processor @ 2.50GHz#1596522511843.6628#1596522544236.7344#32393.071533203125#1596522539440.1729#1596522761278.503#221838.330078125
1#1#2#0#us-east-1#python3.7#128#coldstart22533109#ef24ca00-3af1-46d6-9d48-58d45921b3f3#ef24ca00-3af1-46d6-9d48-58d45921b3f3#sandbox-root-5H1N7j#sandbox-service-1891d5#169.254.223.173#b'18.232.133.16'#169.254.76.1#1446.92;2889.59#2;Intel(R) Xeon(R) Processor @ 2.50GHz#1596522511856.459#1596522544339.5105#32483.051513671875#1596522539450.8108#1596522761284.066#221833.25512695312
1#2#2#0#us-east-1#python3.7#128#coldstart22533109#9a774cc6-d9f6-47bf-83a9-858c0d8537ec#17af188d-0ce5-4373-8ec5-549ad5d91c32#sandbox-root-LM7iaZ#sandbox-service-c4103a#169.254.60.245#b'3.80.208.48'#169.254.76.1#1169.60;2326.69#2;Intel(R) Xeon(R) Processor @ 2.50GHz#1596522730804.5154#1596522766614.4236#35809.908203125#1596522761790.2578#1596522982144.967#220354.70922851562
1#2#2#1#us-east-1#python3.7#128#coldstart22535787#d1ab640c-d031-48e7-a788-45f2ace737c7#dacc58c6-a0d5-4c2d-bc75-41e2e5578029#sandbox-root-ScVEXM#sandbox-service-90c8f1#169.254.118.165#b'3.237.9.175'#169.254.76.1#1256.84;2500.94#2;Intel(R) Xeon(R) Processor @ 2.50GHz#1596522733039.6162#1596522766649.5808#33609.964599609375#1596522761802.4011#1596522982155.934#220353.53295898438
1#1#2#0#us-east-1#python3.7#3008#coldstart22983780#ca330221-bc9b-4937-b92f-5045f48d0c82#ca330221-bc9b-4937-b92f-5045f48d0c82#sandbox-root-KcwWJM#sandbox-service-babbc0#169.254.137.21#b'3.80.6.170'#169.254.76.1#2719.58;5401.30#2;Intel(R) Xeon(R) Processor @ 2.50GHz#1596522958655.73#1596522994417.0083#35761.2783203125#1596522989391.981#1596523209879.915#220487.93408203125
1#1#2#1#us-east-1#python3.7#3008#coldstart22986311#09f2ae98-a344-41a4-9dce-477f70f9a6e2#09f2ae98-a344-41a4-9dce-477f70f9a6e2#sandbox-root-oaNo8o#sandbox-service-7aa9eb#169.254.13.77#b'54.89.74.44'#169.254.76.1#669.97;1303.48#2;Intel(R) Xeon(R) Processor @ 2.50GHz#1596522958675.0447#1596522994445.3906#35770.345947265625#1596522989401.387#1596523209881.907#220480.52001953125
1#2#2#1#us-east-1#python3.7#3008#coldstart22986311#ff1d2065-ac5b-4710-af02-486aaca01b2c#98c3159e-994a-4246-a78a-392b1c24aed1#sandbox-root-WmN9mh#sandbox-service-c1c410#169.254.38.77#b'3.236.88.239'#169.254.76.1#2998.03;5799.56#2;Intel(R) Xeon(R) Processor @ 2.50GHz#1596523179265.7334#1596523215112.4153#35846.681884765625#1596523210287.277#1596523430444.55#220157.27294921875
1#2#2#0#us-east-1#python3.7#3008#coldstart22983780#ca330221-bc9b-4937-b92f-5045f48d0c82#79327184-4cb8-41be-8fc6-c5231ed6df0b#sandbox-root-KcwWJM#sandbox-service-babbc0#169.254.137.21#b'3.80.6.170'#169.254.76.1#2940.45;5808.95#2;Intel(R) Xeon(R) Processor @ 2.50GHz#1596523180907.0103#1596523215201.2366#34294.226318359375#1596523210294.965#1596523430457.3828#220162.41772460938