0#1#2#0#us-east-1#python2.7#128#coldstart88085527#f92bcec5-4ac9-4599-bb2b-873bf5951947#f92bcec5-4ac9-4599-bb2b-873bf5951947#sandbox-root-CrW6MY#sandbox-1c017a#169.254.202.165#54.90.203.23#169.254.76.1#1060.68,2114.91#2,Intel(R); Xeon(R); Processor ;@; 2.50GHz#1593688037053.813#1593688096261.499#59207.68603515625#1593688091375.4421#1593688211834.328#120458.8857421875;
0#1#2#1#us-east-1#python2.7#128#coldstart88088354#980fe5e7-6ccc-4f81-96c2-744a231ad13e#980fe5e7-6ccc-4f81-96c2-744a231ad13e#sandbox-root-msCIin#sandbox-a3cad9#169.254.31.61#54.145.244.32#169.254.76.1#1626.30,3246.55#2,Intel(R) ;Xeon(R) ;Processor @; ;2.50GHz#1593688037648.333#1593688096360.452#58712.118896484375#1593688091311.915#1593688211849.719#120537.80395507812;
0#2#2#1#us-east-1#python2.7#128#coldstart88088354#980fe5e7-6ccc-4f81-96c2-744a231ad13e#06a8c159-0bf5-4a96-a1df-cdeea4b2b5ce#sandbox-root-msCIin#sandbox-a3cad9#169.254.31.61#54.145.244.32#169.254.76.1#1747.16,3483.82#2,Intel(R) ;Xeon(R) ;Processor @; ;2.50GHz#1593688157756.264#1593688217146.086#59389.822021484375#1593688212333.201#1593688332667.1619#120333.9609375;
0#2#2#0#us-east-1#python2.7#128#coldstart88085527#f92bcec5-4ac9-4599-bb2b-873bf5951947#345a794f-7baa-4bb5-9b86-df6fdbf03b6c#sandbox-root-CrW6MY#sandbox-1c017a#169.254.202.165#54.90.203.23#169.254.76.1#1181.52,2352.23#2,Intel(R); Xeon(R); Processor ;@; 2.50GHz#1593688157752.2039#1593688217165.561#59413.357177734375#1593688212325.176#1593688332672.2651#120347.08911132812;
0#1#2#1#us-east-1#python2.7#3008#coldstart88337171#d4803512-8d0f-479f-bab0-9273a12facba#d4803512-8d0f-479f-bab0-9273a12facba#sandbox-root-QwOm69#sandbox-0be533#169.254.12.113#3.236.22.201#169.254.76.1#4853.18,9645.63#2,Intel(R); Xeon(R); Processor ;@; 2.50GHz#1593688285703.5251#1593688344934.737#59231.2119140625#1593688339927.663#1593688460454.745#120527.08203125;
0#1#2#0#us-east-1#python2.7#3008#coldstart88334323#0960137d-e75c-49bc-b013-bfd3b9398bb1#0960137d-e75c-49bc-b013-bfd3b9398bb1#sandbox-root-tUsRAG#sandbox-57c908#169.254.4.205#3.88.248.153#169.254.76.1#3700.69,7339.98#2,Intel(R) ;Xeon(R) ;Processor @; ;2.50GHz#1593688285873.877#1593688345063.3918#59189.514892578125#1593688339922.393#1593688460548.1729#120625.77978515625;
0#2#2#1#us-east-1#python2.7#3008#coldstart88337171#d4803512-8d0f-479f-bab0-9273a12facba#96e3e433-f10d-43c6-96dc-198ac02674d1#sandbox-root-QwOm69#sandbox-0be533#169.254.12.113#3.236.22.201#169.254.76.1#4974.12,9828.26#2,Intel(R); Xeon(R); Processor ;@; 2.50GHz#1593688406497.596#1593688465786.5789#59288.98291015625#1593688461013.0352#1593688581261.436#120248.40087890625;
0#2#2#0#us-east-1#python2.7#3008#coldstart88334323#34ae266d-48d0-4fbb-bf7f-c8e0a29b6167#4b05391a-637c-46d5-a649-a687dfb2cc90#sandbox-root-wxHXc9#sandbox-50cc26#169.254.16.181#54.196.98.48#169.254.76.1#4303.08,8425.95#2,Intel(R); Xeon(R); Processor ;@; 2.50GHz#1593688407082.556#1593688465870.387#58787.8310546875#1593688461008.454#1593688581350.107#120341.65283203125;
1#1#2#0#us-east-1#python2.7#128#coldstart88582789#c47dedb6-96d2-4814-8bbe-f504d7f0440c#37d25503-4669-4f80-a13d-3def98248ada#sandbox-root-EKDB9P#sandbox-de0cd8#169.254.23.117#18.234.95.129#169.254.76.1#678.26,1350.99#2,Intel(R) ;Xeon(R) ;Processor @; ;2.50GHz#1593688763435.975#1593688763731.157#295.181884765625#1593688588684.629#1593688879349.098#290664.4689941406;
1#1#2#1#us-east-1#python2.7#128#coldstart88585483#fee7fd45-cef8-4088-bdd2-1b5d62d01d6c#72ab8884-fec0-42f5-ad89-259e5634cc0b#sandbox-root-y04hgb#sandbox-24c51e#169.254.32.13#54.144.13.14#169.254.76.1#1386.26,2766.56#2,Intel(R) X;eon(R) P;rocessor @ ;2;.50GHz#1593688764726.5269#1593688765140.764#414.237060546875#1593688588676.779#1593688880696.156#292019.376953125;
1#2#2#0#us-east-1#python2.7#128#coldstart88582789#877ab14f-cf8f-4e55-b292-74c1bc32bf1a#0d78338b-6259-4ea9-8be1-86c72cf0f150#sandbox-root-I5jrrS#sandbox-6082b9#169.254.226.205#3.235.67.101#169.254.76.1#1667.50,3319.69#2,Intel(R); Xeon(R); Processor ;@; 2.50GHz#1593688827274.699#1593688886055.969#58781.27001953125#1593688881081.32#1593689001617.7249#120536.40478515625;
1#2#2#1#us-east-1#python2.7#128#coldstart88585483#f5d4f28a-7f3d-4315-b87b-87ec9f7bd423#de391e66-16b8-4308-b2b3-2c955d7a8918#sandbox-root-VORxFv#sandbox-f7b4fe#169.254.238.253#3.214.215.167#169.254.76.1#1336.84,2658.58#2,Intel(R;) Xeon(R;) Processor; ;@ 2.50GHz#1593688827435.553#1593688886029.316#58593.762939453125#1593688881171.626#1593689001621.393#120449.76708984375;
1#1#2#1#us-east-1#python2.7#3008#coldstart89005602#1ad1e7dc-686e-4afe-a3ef-4ed81e9aaf93#1ad1e7dc-686e-4afe-a3ef-4ed81e9aaf93#sandbox-root-rXscUl#sandbox-4786aa#169.254.10.173#3.236.121.201#169.254.76.1#1044.26,2029.19#2,Intel(R;) Xeon(R;) Processor; ;@ 2.50GHz#1593688954790.4202#1593689013300.488#58510.06787109375#1593689008432.978#1593689128888.4849#120455.5068359375;
1#1#2#0#us-east-1#python2.7#3008#coldstart89003252#13006552-e7b6-4f96-8776-d453466212e0#13006552-e7b6-4f96-8776-d453466212e0#sandbox-root-xAXrJl#sandbox-3df797#169.254.16.149#3.80.193.8#169.254.76.1#3486.50,6912.38#2,Intel(R) X;eon(R) P;rocessor @ ;2;.50GHz#1593688954092.326#1593689013403.087#59310.760986328125#1593689008400.949#1593689128950.522#120549.57299804688;
1#2#2#0#us-east-1#python2.7#3008#coldstart89003252#13006552-e7b6-4f96-8776-d453466212e0#a3a6c310-0982-4b40-b114-e3a525695753#sandbox-root-xAXrJl#sandbox-3df797#169.254.16.149#3.80.193.8#169.254.76.1#3607.39,7095.41#2,Intel(R) X;eon(R) P;rocessor @ ;2;.50GHz#1593689075331.034#1593689134288.676#58957.64208984375#1593689129386.3389#1593689249923.124#120536.78515625;
1#2#2#1#us-east-1#python2.7#3008#coldstart89005602#1ad1e7dc-686e-4afe-a3ef-4ed81e9aaf93#0c67c895-7e4c-401e-8bb5-aee4eed7d0bc#sandbox-root-rXscUl#sandbox-4786aa#169.254.10.173#3.236.121.201#169.254.76.1#1165.15,2211.28#2,Intel(R;) Xeon(R;) Processor; ;@ 2.50GHz#1593689074673.082#1593689134284.527#59611.445068359375#1593689129378.834#1593689249926.667#120547.8330078125;